Material,Texto breve material,Unid.medida básica,Val.utiliz.livre
10000017,LAMINA DESLIG 15KV 300A 285MM,PEÇ,4677.47
10000158,TRAFO DIST 3F 300KVA M 15KV 220/127V,PEÇ,17377.67
10000168,TRAFO DIST 3F 15KVA M 15KV 220/127V,PEÇ,34081.95
10000195,CABO PROTEGIDO AL 15KV XLPE CZ 185MM2,M,122362.10
10000204,CABO PROTEGIDO AL 15KV XLPE CZ 70MM2,M,112036.09
10000241,CABO POT CU CL4/5 4X16MM 0.6/1KV PT,M,801.95
10000340,CABO MX AL XLPE 0.6/1KV 2X25+25MM2,M,410.65
10000356,FIO ISOLADO CU PVC/BWF PR 0.75KV 2.50MM2,M,171.81
10000366,FIO ISOLADO CU PVC/BWF BR 0.75KV 4.00MM2,M,266.62
10000369,FIO ISOLADO CU PVC/BWF PR 0.75KV 1.50MM2,M,69.72
10000408,MANILHA AÇO CARB 120kN LT PLT-F-070 M-1,PEÇ,322.15
10000441,CONECTOR CUNHA CN1,PEÇ,4375.26
10000442,CONECTOR CUNHA CN2,PEÇ,19225.88
10000446,CONECTOR CUNHA Al 336.4MCMx1/0AWG,PEÇ,500.84
10000451,CONECTOR CUNHA Al 1/0AWGX2AWG,PEÇ,716.22
10000452,CARTUCHO VM  FERRAM AMPACT ESPOLETA INT,PEÇ,2521.32
10000461,CONECTOR CUNHA CN18,PEÇ,895.48
10000476,CONECTOR CUNHA RAMAL TIPO VII,PEÇ,17016.26
10000485,CONECTOR PERF 25~120X25~120MM²,PEÇ,11050.31
10000487,CONECTOR PERF 16~120X4~35MM²,PEÇ,8741.25
10000494,"CONECTOR DERIV T 2""  336.4MCM",PEÇ,643.06
10000534,MANILHA SAPATILHA DISTRIBUIÇÃO,PEÇ,33169.40
10000575,CAIXA LIGACAO ALUMINIO 275X 220X 160MM,PEÇ,280.00
10000582,MASSA PARA CALAFETAR - 1KG,KG,426.51
10000586,ABRACADEIRA PA 100MM PT 390X7.8MM,PEÇ,1015.08
10000588,DISJUNTOR BIPOLAR 20A 100KA 250VCC,PEÇ,591.21
10000612,TRAFO POTL IND 6900/115V 15KV,PEÇ,24501.12
10000614,TRAFO COR 0.6KV INT 200-5A,PEÇ,3038.78
10000616,TRAFO COR 0.6KV INT 400-5A,PEÇ,2679.97
10000617,TRAFO COR 0.6KV INT 600-5A,PEÇ,339.90
10000621,TRAFO COR 13.8KV 15/5A 0.3C25 INT,PEÇ,63.18
10000622,TRAFO COR 13.8KV 25/5A 0.3C25 INT,PEÇ,452.59
10000624,TRAFO COR 13.8KV INT 100-5A,PEÇ,15099.46
10000641,ABRACADEIRA UNHA RDS ES.DT.PDN.01.01.081,PEÇ,556.20
10000688,PARAFUSO ESP SAE1020 MA M16X2MM 350MM,PEÇ,1848.40
10000689,PARAFUSO ESP SAE1020 MA M16X2MM 400MM,PEÇ,30899.23
10000690,PARAFUSO ESP SAE1020 MA M16X2MM 450MM,PEÇ,3988.28
10000691,PARAFUSO ESP SAE1020 MA M16X2MM 500MM,PEÇ,1969.32
10000692,PARAFUSO ESP SAE1020 MA M16X2MM 550MM,PEÇ,0.00
10000717,PARAFUSO ABAUL  AÇO CARB M16 X  45 mm,PEÇ,6779.75
10000718,PARAFUSO ABAUL  AÇO CARB M16 X  70 mm,PEÇ,6121.88
10000719,PARAFUSO ABAUL  AÇO CARB M16 X 150 mm,PEÇ,4783.91
10000723,PARAFUSO QUAD AÇO CARB M16 X 50 MM,PEÇ,4208.92
10000724,PARAFUSO QUAD AÇO CARB M16 X 125 MM,PEÇ,13222.31
10000725,PARAFUSO QUAD AÇO CARB M16 X 250 MM,PEÇ,4379.90
10000726,PARAFUSO QUAD AÇO CARB M16 X 300 MM,PEÇ,12021.73
10000727,PARAFUSO QUAD AÇO CARB M16 X 400 MM,PEÇ,3317.24
10000728,PARAFUSO QUAD AÇO CARB M16 X 500 MM,PEÇ,16961.02
10000729,PARAFUSO QUAD AÇO CARB M16 X 150 MM,PEÇ,17815.19
10000746,PORCA - OLHAL ACO M16 X 2-7H,PEÇ,7668.47
10000825,CHAVE FUS DIS C 15KV 300A 110KV 10KA POR,PEÇ,91.90
10000874,CONECTOR CUNHA RAMAL TIPO VI,PEÇ,4213.96
10000879,LUVA EMENDA COMP CABO 336.4 MCM AL,PEÇ,103.17
10000933,RELE AUX 110VCA METALTEX E04RA3,PEÇ,3496.78
10001248,ISOLADOR CAST PORC MR 0.6KV 90X85X20MM,PEÇ,474.03
10001257,ISOLADOR DISCO VIDRO 255MM 120KN,PEÇ,27817.02
10001258,ISOLADOR DISCO VIDRO 255MM 80KN,PEÇ,3838.07
10001264,ISOLADOR PED PORC 46.0KV 432X508MM-TR 53,PEÇ,32808.85
10001265,ISOLADOR ROLDANA PORCELANA,PEÇ,30511.49
10001266,PINO ISOLADOR ACO CARB 15.00KV 294.0MM,PEÇ,43090.20
10001267,PINO CURTO ISOLADOR 194mm,PEÇ,11274.69
10001268,PINO ISOLADOR ACO CARB 25.00KV 324.0MM,PEÇ,713.49
10001269,PINO ISOLADOR ACO CARB 34.50KV 344.0MM,PEÇ,199.34
10001276,ALCA PREF DIST CA  336.4 AWG,PEÇ,18959.52
10001277,ALCA PREF DIST CA CAA 3/0AWG,PEÇ,285.44
10001280,"ALCA PREF DISTR 1/4"" 635MM AM",PEÇ,13956.01
10001295,CARTUCHO AZUL FER-AMPACT ESPOLETA INT,PEÇ,21.24
10001297,CARTUCHO AMARELO FER-AMPACT ESPOLETA INT,PEÇ,32.19
10001383,SUPORTE P/ FIX  BF OU PR EM CRUZETA,PEÇ,83.97
10001415,ARMAÇÃO SECUND POSTE CONCRETO 1 ESTRIBO,PEÇ,10962.99
10001416,ARM SEC AC1020 2ESTR 310X375MM,PEÇ,42320.62
10001417,SELA PARA CRUZETA DE MADEIRA E CONCRETO,PEÇ,16702.53
10001418,SELA PARA CRUZETA DE AÇO,PEÇ,5069.03
10001419,SUPORTE ESCADA ACO-CAR,PEÇ,312.94
10001433,GRAMPO SUSP CABO PR-REUNIDO 120mm - MT,PEÇ,66.87
10001438,HASTE P/ ATERRAMENTO TIPO CANTONEIRA,PEÇ,3407.56
10001456,HASTE ATER AÇO CILIND 14.3x2400mm PADRÃO,PEÇ,55809.35
10001467,TERMINAL EXT. CABO ISOL. 8.7/15kV 240mm2,JG,5510.24
10001478,TERMINAL EXT. CABO ISOL. 12/20kV 400mm2,JG,1446.40
10001485,TERMINAL EXT. CABO ISOL. 8.7/15kV 35mm2,JG,5859.42
10001532,BASE RELE FOTOELETRICO IP MP-16-21,PEÇ,371.11
10001635,SELA PORCELANA P/ ACOMOD CABOS ISOLADOS,PEÇ,9161.89
10001710,SUPORTE P/ INST EQUIP EM POSTE MADEIRA,PEÇ,791.95
10001721,MÃO FRANCESA PLANA - TIPO 1,PEÇ,11273.00
10001722,MÃO FRANCESA PLANA - TIPO 2,PEÇ,4538.63
10001723,MÃO FRANCESA PLANA - TIPO 3,PEÇ,17518.10
10001725,MÃO FRANCESA FERRO CANTONEIRA - TIPO 1,PEÇ,1908.98
10001726,MO FRANCESA FERRO CANTONEIRA - TIPO 2,PEÇ,45044.83
10001727,MO FRANCESA FERRO CANTONEIRA - TIPO 3,PEÇ,11569.38
10001729,SUPORTE INSTAL EQUIP TIPO I DIAM 195MM,PEÇ,11014.72
10001730,SUPORTE INSTAL EQUIP TIPO I DIAM 225MM,PEÇ,12575.49
10001731,SUPORTE INSTAL EQUIP TIPO I DIAM 255MM,PEÇ,90916.97
10001732,SUPORTE INSTAL EQUIP TIPO I DIAM 285MM,PEÇ,31184.41
10001736,SUPORTE INSTAL EQUIP TIPO III DIAM 225MM,PEÇ,973.35
10001737,SUPORTE INSTAL EQUIP TIPO III DIAM 255MM,PEÇ,3350.19
10001743,CRUZETA MADEIRA 90x90x2000mm,PEÇ,25654.03
10001744,CRUZETA MADEIRA 90x90x2400mm,PEÇ,31369.46
10001752,CRUZETA  AÇO 2000 mm,PEÇ,1167.37
10001792,LAÇO TOPO COND. AL. 1/0 AWG 750mm,PEÇ,1013.06
10001794,ESTRIBO P/ REDE DISTRIBUIÇÃO,PEÇ,8016.89
10001795,GRAMPO ANCORAGEM ALUMINIO PLT 795.0MCM,JG,16040.81
10001807,LUVA REPARO CABO CAA AL 336.4MCM,PEÇ,1372.48
10001820,SECCIONADOR PREFORMADO CERCA PLT-F-164,JG,906.39
10001823,CONCHA ELO ACO CARB LT DES.PLT-F-060,PEÇ,117.22
10001826,BALANCIM LT DUPLIC PLT-F-061 LINHA-VIVA,PEÇ,1082.25
10001827,"ADAPTADOR ""L""  PARA TERMINAL",PEÇ,1031.75
10001828,ESPAÇADOR P/ REDE SEC 1/0 À 336.4 AWG,PEÇ,7036.49
10001833,LAÇO ROLDANA PARA COND. AL. 4 AWG,PEÇ,285.52
10001834,LAÇO ROLDANA PARA COND. AL. 1/0 AWG,PEÇ,3352.42
10001893,MEDIDOR ELETRM KWH 120V 15A 4FIOS 3ELEM,PEÇ,74.45
10001897,MEDIDOR ELETRN 280V TRIF BIDIREC 0.2%,PEÇ,4011.78
10001910,SAPATILHA ACO CARB REDE DIST,PEÇ,7543.39
10001926,ABRACADEIRA PA 250MM PT 950X8.8MM,PEÇ,3342.68
10002016,ISOLADOR AFAST PORC 15KV 3000daN,PEÇ,16401.96
10002081,CONECTOR CUNHA RAMAL TIPO III-IV-V,PEÇ,53832.35
10002378,ANEL DE AMARRAÇÃO P/ ESPAÇ. E SEPARADOR,PEÇ,7216.96
10002384,TRAFO COR 13.8KV INT 150-5A,PEÇ,8471.80
10002410,BRACO TIPO L REDE COMPAC 15KV,PEÇ,3698.66
10002411,BRACO TIPO C 13.8KV,PEÇ,23418.51
10002412,CANTONEIRA AUXILIAR PARA BRAÇO TIPO C,PEÇ,312.32
10002421,BRAÇO ANTI-BALANÇO 13.8KV,PEÇ,1736.75
10002422,ESTRIBO PARA BRAÇO TIPO L,PEÇ,172.88
10002423,ISOLADOR PINO POLIMÉR 13.8KV,PEÇ,20538.57
10002426,GRAMPO ANCORAGEM POLIM CABO COB 185MM2,PEÇ,3031.33
10002427,ISOLADOR BASTO POLIMERICO 15kV,PEÇ,143153.89
10002430,SUPORTE HORIZONTAL 13.8KV,PEÇ,5370.82
10002433,BRACO TIPO L REDE COMPAC 36.2KV,PEÇ,2896.78
10002434,BRAÇO TIPO C 34.5KV,PEÇ,5571.61
10002436,ISOLADOR PINO POLIMER 34.5KV,PEÇ,22057.08
10002437,ESPAÇADOR LOSANGULAR POLIMÉRICO 34.5KV,PEÇ,17109.37
10002575,ANEL AMARRAÇÃO ISOLADOR PINO,PEÇ,6253.46
10002576,SUPORTE TIPO Z,PEÇ,12486.81
10002577,SUPORTE AFASTADOR HORIZONTAL 13.8KV,PEÇ,48257.91
10002580,BRAÇO ANTI-BALANÇO 34.5KV,PEÇ,818.02
10002581,COBERTURA PROTETORA PARA TERM. DE EQPTO,PEÇ,8522.52
10002601,CARTUCHO METæLICO VERM CONECTOR CUNHA,PEÇ,7288.70
10002602,CARTUCHO METÁLICO AZUL CONECTOR CUNHA,PEÇ,329.60
10002642,CABO POT CU CL2 1X35MM2 0.6/1KV PT XLPE,M,1504.32
10002644,CABO ISOL 0.6/1KV COBR 1X10MM² EPR,M,5248.17
10002654,EMENDA RETA 8.7/15KV P/ CABO DE 35 mm2,JG,624.92
10002781,RELÉ FOTOELETRÔNICO P/ ILUMIN. PÚBLICA,PEÇ,139.35
10002851,CONECTOR CUNHA CN3,PEÇ,1218.49
10003042,CONECTOR CUNHA RAMAL TIPO I,PEÇ,27940.10
10003043,CONECTOR CUNHA RAMAL TIPO II,PEÇ,49826.35
10003111,MANTA REPARO CABO PROTEGIDO 15kV,PEÇ,21490.34
10003291,MEDIDOR ELETRN MON. 2F 1E 15A 120V,PEÇ,545001.42
10003293,MEDIDOR ELETRN BIF 3F 2E 15A 120V,PEÇ,333179.02
10003348,CHAVE SECC MONOPOLAR FC 15KV 630A 60HZ,PEÇ,97224.17
10003372,MEDIDOR ELETN GDES CLIEN 280V-2.5A-4F-3E,PEÇ,14168.20
10003445,CONECTOR DERIV AL CT  2-9/9 (PLT-F-203),PEÇ,2434.46
10003720,ARRUELA PARA ELETRODUTO 1-1/2 POL,PEÇ,135.74
10003912,CONETOR N-MACHO PARA CABO RGC - 58,PEÇ,1764.58
10003995,QUADRO DISTRIBUIÇAO PEDESTAL QDP TIPO 1,PEÇ,5685.60
10003997,CHAVE SECCIONADORA VERTICAL P/ QDP-250A,PEÇ,8888.49
10004071,ISOLADOR ROLDANA COM PREGO 30X30,PEÇ,2980.27
10004091,MEDIDOR ELETN BT IND 280V2.5A-4F-3E 1.0%,PEÇ,5411.60
10004111,CABO AL NU CA 1/0 AWG - POPPY,KG,39535.79
10004121,CABO NU AL CAA 4AWG -SWAN,KG,78346.00
10004122,CABO AL NU CA 336.4 MCM - TULIP,KG,15094.39
10004123,CABO NU AL CA BITOLA 4AWG 7F ROSE,KG,26786.22
10004131,CABO AL NU CAA 336.4 MCM - LINNET,KG,84775.62
10004142,CABO NU AL CAA 1/0AWG 6/1F RAVEN,KG,355790.79
10004171,MEDIDOR ELETN BT DIR 280V-30A-4F-3E-1.0%,PEÇ,75367.62
10004242,CABO E ISO CU PVC BWF 2.5MM2 750V PR 35F,M,125.60
10004244,CABO E ISO CU PVC BWF 25MM2 750V PR,M,104196.54
10004246,CABO PROTEGIDO AL 15KV XLPE CZ 35 MM2,M,602.58
10004247,CABO PROTEGIDO AL 15KV XLPE CZ 50MM2,M,28090.30
10004248,CABO E ISO CU PVC BWF 6MM2 750V PR,M,2292.60
10004249,CABO E ISO CU PVC BWF 10MM2 750V PR,M,12300.73
10004250,CABO E ISO CU PVC BWF 120MM2 750V PR,M,37292.49
10004251,CABO E ISO CU PVC BWF 16MM2 750V PR,M,13.09
10004252,CABO E ISO CU PVC BWF 4MM2 750V PR,M,154.04
10004253,CABO E ISO CU PVC BWF 50MM2 750V PR,M,421.86
10004254,CABO E ISO CU PVC BWF 70MM2 750V PR,M,20946.38
10004257,CABO E NU COBRE 10MM2 7/1.35MM M DURO,KG,11839.85
10004258,CABO E NU COBRE 120MM2 37/2.03MM M DURO,KG,20065.83
10004260,CABO MX AL XLPE 0.6/1KV 2X70+70MM2,M,10946.63
10004262,CABO E NU COBRE 50MM2 19F M DURO CL-2,KG,17155.58
10004263,CABO E NU COBRE 25MM2 7/2.06MM M DURO,KG,18094.27
10004264,CABO E NU COBRE 35MM2 7/2.5MM M DURO,KG,2204.30
10004265,CABO E NU COBRE 70MM2 19/2.16MM M DURO,KG,35073.66
10004266,CABO E POT BT CU PVC/A 1X35MM2 1KV,M,4372.75
10004267,CABO E NU CA 2AWG 7F IRIS,KG,36958.36
10004269,CABO E NU CAA 2AWG 6/1F SPARROW,KG,52798.13
10004271,CABO E NU CAA 4/0AWG 6/1F PENGUIN,KG,108177.87
10004272,FIO E ISOL ALUMÍNIO XLPE 1x10mm² 600V,M,1226.86
10004273,CABO POT CU CL2 1X16MM 1KV PT,M,1880.97
10004274,FIO ISOLADO CU PVC/BWF PR 0.75KV 1.50MM2,M,4280.94
10004275,CABO POT CU CL2 1X4MM 1KV PT,M,923.10
10004276,FIO ISOLADO CU PVC/BWF PR 0.75KV 16.0MM2,M,1648.18
10004277,FIO ISOLADO CU PVC/BWF PR 0.75KV 2.50MM2,M,2340.79
10004278,CABO POT CU CL2 1X6MM 1KV PT,M,79.80
10004279,CABO POT CU CL2 2X10MM 1KV PT,M,9424.27
10004280,FIO E ISO CU PVC BWF 4mm² 750V PR,M,1507.54
10004282,FIO ISOLADO CU PVC/BWF PR 0.75KV 6.00MM2,M,1769.14
10004283,CABO POT CU CL2 2X2.5MM 1KV PT,M,6726.74
10004286,FIO AMARRACAO NU AL RECOZIDO 4AWG,KG,20751.67
10004287,CABO E POT BT CU PVC/A 2X4MM2 1KV BLIN,M,19975.94
10004288,FITA AMARRACAO AL 1X10MM,KG,9289.39
10004293,CABO POT CU CL2 4X6MM 1KV PT,M,9648.03
10004294,CABO POT CU CL2 4X6MM 1KV PT,M,27482.79
10004296,CABO E POT BT CU XLPE 1X120MM2 1KV,M,33992.60
10004298,CABO E POT BT CU XLPE 1X35MM2 1KV,M,5599.08
10004299,CABO E POT BT CU XLPE 1X70MM2 1KV,M,1420.96
10004301,CABO POT CU CL2 2X10MM 1KV PT,M,5018.81
10004302,CABO POT CU CL2 2X2.5MM 1KV PT,M,6963.20
10004303,CABO POT CU CL2 2X6MM 1KV PT,M,3502.03
10004304,CABO POT CU CL2 4X10MM 1KV PT,M,7267.99
10004305,CABO POT CU CL2 4X16MM 1KV PT,M,12804.49
10004306,CABO POT CU CL2 4X2.5MM 1KV PT,M,19518.88
10004307,CABO POT CU CL2 4X4MM 1KV PT,M,32557.51
10004308,CABO POT CU CL2 4X6MM 1KV PT,M,31246.29
10004310,CABO POT COBR 1x35MM²  8.7/15 kV EPR,M,12391.84
10004312,CABO E NU CA 556.5MCM 19F DAHLIA,KG,6669.20
10004314,CABO E NU CAA 3/0AWG 6/1F PIGEON,KG,11154.02
10004315,CABO DE AL NU CAA 556.5 MCM - DOVE,KG,397879.54
10004318,CABO POT CU CL2 2X4MMý 1KV PT,M,10837.80
10004320,CABO E NU CAA 556.5MCM 26/7F DOVE ENGR,KG,638.19
10004321,CORDOALHA ELET FLEX CU ES 306MM 190A 2N,PEÇ,86.52
10004324,CABO POT CU CL2 2X1.5MMý 1KV PT ST1,M,34583.99
10004325,CABO POT CU CL2 4X1.5MM 1KV PT,M,3546.80
10004327,CABO POT CU CL2 2X1.5MMý 1KV PT,M,2052.25
10004328,CABO POT CU CL2 2X16MM 1KV PT,M,530.34
10004329,CABO E NU CAA 477 MCM 26/7F HAWK,KG,182382.77
10004331,CABO CU CL4 SIL BR 200õC 1X1.5MM 750V,M,85.60
10004332,CABO E ISO CU PVC BWF 1.5MM2 750V PR,M,543.91
10004333,CABO COAXIAL RG 213C 50 OHMS 11.6DB/100M,M,524.53
10004343,TRAFO DIST 1F 10KVA H 15KV 254/127V,PEÇ,77900.25
10004345,TRAFO DIST 1F 25KVA H 15KV 254/127V,PEÇ,126611.91
10004346,TRAFO DIST 1F 37.5KVA H 15KV 254/127V,PEÇ,117582.73
10004357,TRANSF COR 69KV 1.2C50-10B400 200X400A,PEÇ,21423.65
10004359,TRANSF POTL 69KV 600:1 1.2P200 EXT,PEÇ,37771.95
10004366,TRAFO DIST 3F 112.5KVA N 15KV 380/220V,PEÇ,4053.57
10004378,TRAFO DIS TRI-300KVA 15KV 380/220V -N,PEÇ,7876.21
10004398,CAPACITOR POT MONO 200KVAR 7960V 95KV,PEÇ,50574.18
10004400,CHAVE FUS DIS C 38KV 300A 150KV 5KA,PEÇ,2431.07
10004404,CHAVE SEC 3P AL 15KV 600A,PEÇ,7065.11
10004406,ISOLADOR PINO PORCELANA 15KV,PEÇ,487.79
10004407,ISOLADOR SUSP COMP POLIM 15KV GO 4AL,PEÇ,81.15
10004409,ESPAÇADOR ISOLADOR FE/AL 80X40X18MM,PEÇ,107.66
10004410,ISOLADOR PEDESTAL PORC TR140 M16X20 46KV,PEÇ,50649.66
10004411,ISOLADOR PEDESTAL PORC TR147 M12X20 46KV,PEÇ,67673.85
10004412,ISOLADOR PINO POR MULTIC 46KV,PEÇ,1109.38
10004414,ISOLADOR SUPORTE 15KV IRS2 ELETROTÉCNICA,PEÇ,8205.18
10004416,SUB-BASE FERRO COL ISOL PEDESTAL 89MM,PEÇ,12260.55
10004422,TERMINAL 1P 20/35KV 240-630MM2 TM35-630E,PEÇ,4795.97
10004423,ISOLADOR OLHAL POR 55MM,PEÇ,2722.40
10004425,TUBO EMENDA CONTRATIL 8.7/15KV 50MM2,PEÇ,3957.49
10004426,ISOLADOR PILAR PORCELANA 15KV 110KV,PEÇ,281331.84
10004428,ISOLADOR PILAR PORCELANA 36.2KV 170KV,PEÇ,41583.64
10004430,TUBO ISOL TERMOCON 35KV BPTM 30/12,M,570.98
10004433,CINTA POSTE CIRCULAR B-18 AC 180MM,PEÇ,13714.80
10004435,CINTA POSTE CIRCULAR B-20 AC 200MM,PEÇ,10642.21
10004437,CINTA POSTE CIRCULAR B-22 AC 220MM,PEÇ,15450.10
10004439,CINTA POSTE CIRCULAR B-24 AC 240MM,PEÇ,4493.60
10004441,CINTA POSTE CIRCULAR B-26 AC 260MM,PEÇ,16013.42
10004443,CINTA POSTE CIRCULAR B-28 AC 280MM,PEÇ,3828.45
10004445,CINTA POSTE CIRCULAR B-30 AC 300MM,PEÇ,3253.03
10004447,CINTA POSTE CIRCULAR B-32 AC 320MM,PEÇ,2109.11
10004448,CINTA POSTE CIRCULAR B-34 AC 340MM,PEÇ,39849.57
10004449,CINTA POSTE CIRCULAR B-36 AC 360MM,PEÇ,15131.41
10004450,CINTA POSTE CIRCULAR B-38 AC 380MM,PEÇ,17024.88
10004451,CHAPA ESTAI 8X76X130MM 3200DAN,PEÇ,513.06
10004452,CONCHA GARFO ACO 65MM 120KN F-1306,PEÇ,1079.55
10004453,CONCHA OLHAL ACO 60MM 120KN,PEÇ,5043.33
10004454,ELO BOLA ACO 105MM 120KN,PEÇ,4622.06
10004456,GANCHO OLHAL AÇO 80MM 5000daN,PEÇ,2656.44
10004457,HASTE ANCORA ACO 16MM 2400MM 5000DAN,PEÇ,2604.29
10004460,OLHAL PARAFUSO AÇO 16mm 5000DAN,PEÇ,71988.56
10004461,OLHAL PARAFUSO ACO 19MM 12000DAN,PEÇ,991.32
10004463,SUPORTE INSTAL EQUIP TIPO I DIAM 270MM,PEÇ,14085.54
10004464,GRAMPO U CERCA ACO 3.5X30MM,KG,2183.98
10004465,PERFIL U ACO REDE COMPACTA,PEÇ,1544.51
10004471,CHAPA AÇO ESTAI 5000DAN,PEÇ,11188.56
10004472,ELO ACO 26MM 85MM 120KN,PEÇ,65.97
10004474,GARFO BOLA ACO 75MM 120KN F-1340,PEÇ,320.04
10004475,GARFO OLHAL 90GR ACO 90MM 120KN,PEÇ,4249.44
10004476,GARFO OLHAL ACO 90MM 120KN,PEÇ,27042.32
10004477,HASTE ÂNCORA AÇO 16mm 1600mm 3200daN,PEÇ,22384.98
10004479,HASTE ATERR ACO CANTON 25X25X3x2400MM,PEÇ,260.70
10004481,HASTE ATER AÇO CILIND PROL 16x3000mm,PEÇ,3518.73
10004492,SUPORTE CHAVE SEC BY PASS 15KV 400A AÇO,PEÇ,750.90
10004494,SUPORTE RELIG KF AÇO POST CON CIR 230MM,PEÇ,11031.23
10004496,PINO TOPO AÇO 35MM 419MM,PEÇ,1246.74
10004498,SEPARADOR REDE COMP VERT 185MM2 3/8POL,PEÇ,22726.77
10004499,SEPARADOR REDE COMP VERT 50MM2 3/8POL,PEÇ,121.18
10004500,DUPLICADOR AÇO CAD ISOL 135KN,PEÇ,224.97
10004502,CINTA POSTE CIRCULAR B-40 AC 400MM,PEÇ,13157.21
10004505,CINTA POSTE CIRCULAR B-60 AC 600MM,PEÇ,2769.72
10004506,CONCHA OLHAL 90GR D-20MM ACO 120KN,PEÇ,19655.93
10004508,PINO ISOL AÇO CRUZ A TRAV 219MM,PEÇ,806.63
10004512,TENSOR GARFO OLHAL AÇO 120KN,PEÇ,1988.61
10004513,AFASTADOR REDE COMPACTA 500X350mm AÇO,PEÇ,4601.03
10004514,AFASTADOR REDE COMPACTA 500X850mm AÇO,PEÇ,2303.07
10004517,CINTA POSTE CIRCULAR B-16 AC 160MM,PEÇ,8834.32
10004520,PINO ISOL AÇO CRUZ A TRAV 85MM,PEÇ,4161.15
10004524,GARFO GARFO ACO 135KN F1330,PEÇ,1984.77
10004525,PINO ISOL AÇO CRUZ A TRAV 169MM,PEÇ,11658.59
10004527,EMENDA PREF CABO AÇO 3x2.25mm PRETO,PEÇ,270.83
10004528,EMENDA PREF REP CAA 266MCM P-756-004IT-6,PEÇ,325.53
10004529,EMENDA PREF TOTAL CAA 1/0AWG AMAR,PEÇ,953.71
10004530,EMENDA PREF TOTAL CAA 336.4MCM VERDE,PEÇ,11015.15
10004531,LAÇO PREF CAB AL LAT CA CAA 4/0AWG 60MM,PEÇ,17.39
10004532,LAÇO PREF CAB AL LAT CAA 2AWG 60MM,PEÇ,314.16
10004533,LAÇO PREF CAB AL LAT CAA336 60MM STC1260,PEÇ,1050.51
10004534,LAÇO PREF CAB AL LAT DP CA CAA 1/0AWG 60,PEÇ,471.11
10004535,LAÇO PREF CAB AL LAT DP CAA 2AWG 60MM,PEÇ,247.42
10004536,LAÇO PREF CAB AL LAT DP CAA 336.4MCM 60,PEÇ,282.48
10004537,LAÇO ROLDANA P/CABO AL CAA2AWG CAL35mm²,PEÇ,158.42
10004538,LAÇO PRÉF TOPO CA CAA 4/0AWG DIAM 60mm,PEÇ,1022.46
10004539,LAÇO PRÉF TOPO CAA 2AWG DIAM 60mm,PEÇ,237.95
10004540,LACO PREF TOPO CAA 4AWG DIAM 60MM,PEÇ,536.64
10004542,SECCIONADOR PREF CERCA 3.25-4.11mm,PEÇ,3943.50
10004544,"EMENDA PREF CABO ACO 3/8"""" LARANJA",PEÇ,593.38
10004545,LAÇO PREF CAB AL LAT CA CAA 1/0AWG 60MM,PEÇ,137.77
10004549,EMENDA PREF COND CAA336CA397.5MCM VERDE,PEÇ,1273.45
10004557,ALCA PREF DIST CAA  336.4 AWG,PEÇ,11334.63
10004560,ALCA PREF SERVICO 50 MM,PEÇ,3358.08
10004562,LAÇO PREF CAB AL TOP CAA 4AWG 101MM,PEÇ,35.04
10004564,ALCA PREF SERVICO 70 MM,PEÇ,17348.38
10004568,EMENDA PREF TOTAL CAA 3/0AWG LARANJA,PEÇ,9475.57
10004572,SECCIONADOR PREF CERC 2.5-5MM 880DAN,PEÇ,139.85
10004573,LAÇO TOPO DUPLO PREF CA CAA 1/0AWG 60mm,PEÇ,868.13
10004574,LAÇO TOPO DUPLO PREF CAA  2AWG 60mm,PEÇ,631.76
10004575,LAÇO TOPO DUPLO PREF CA CAA 4/0AWG 60mm,PEÇ,2073.22
10004576,LAÇO TOPO DUPLO PREF CAA 336.4MCM 60mm,PEÇ,3220.00
10004579,ALÇA PREF CABO COBERTO CA 185MM2 -15kV,PEÇ,1570.65
10004580,ARMADURA PREF CAB AL CAA 1/0AWG AR-0118,PEÇ,86.52
10004582,ARMADURA PREF CAB AL CAA 336.4 AR-0130,PEÇ,36303.45
10004584,EMENDA PREF TOTAL CAA 477MCM AZUL,PEÇ,1639.73
10004585,ARMADURA PREF CAB AL CAA 477MCM,PEÇ,1015.14
10004586,ALÇA PREF DIST CA CAA 1/0AWG,PEÇ,10381.15
10004587,ALCA PREF DIST CA CAA 2AWG,PEÇ,4464.36
10004590,ALÇA PREF DIS CABO AÇO 4.87MM PR GDE1158,PEÇ,2607.37
10004591,ALCA ESTAI PREF P/CABO ACO 9.5mm (3/8),PEÇ,46252.92
10004592,ALCA PREF SERVICO 35 MM,PEÇ,4024.80
10004593,CONECTOR D T AL1 1/2POL CAA336.4MCM,PEÇ,733.26
10004595,CONECTOR D T90 AL CU900 CAA4/0 397.5,PEÇ,1191.89
10004596,CONECTOR AD T ALCU2/0-4/0CA/CAA4/0-336 2,PEÇ,423.40
10004598,CONECTOR AD T AL CA1/0-250 CAA1/0-4/0 2N,PEÇ,145.00
10004599,CONECTOR AD T AL CAA250-400CAA4/0-397 4N,PEÇ,162.61
10004600,CONECTOR AD T BR CU 50MM² 1F 8.5MM TA-50,PEÇ,37.36
10004601,TERMINAL ESPADA AL 336-556MCM 4N 6020990,PEÇ,4012.56
10004602,CONECTOR AD T90° AL 1.1/2POL 2NEMA,PEÇ,487.78
10004603,CONECTOR AD T AL CA1/0-250 CAA1/0-4/0 4N,PEÇ,1994.80
10004611,CONECTOR CUNHA CN52,PEÇ,4547.63
10004615,CONECTOR CUNHA CN10,PEÇ,835.42
10004625,CONECTOR CUNHA RAMAL TIPO VIII,PEÇ,5058.98
10004626,CONECTOR EMEN RE AL 1.1/2,PEÇ,3909.82
10004631,CONECTOR SUP AL TUB 1 1/2POL CF 76MM,PEÇ,1615.10
10004632,CONECTOR SUP AL TUB 3POL CF127MM,PEÇ,2105.29
10004635,CONECTOR AD T AL BIM CA 35MM2,PEÇ,1195.04
10004641,CONECTOR PAR AL CAA 3/0 CA 4/0 2PAR,PEÇ,246.90
10004643,CONECTOR D P FEND CU 25-50MM2 S/SEP,PEÇ,4866.78
10004654,CONECTOR L VIVA CUES 2-1/0 D 16 35MM2,PEÇ,13742.20
10004656,CONECTOR D P FEND CU 2-2/0 AWG S/ESP,PEÇ,1096.48
10004657,CONECTOR D P FEND CU 35-120MM² C/ESP,PEÇ,2070.28
10004658,CONECTOR D P FEND CU 4-35MM² C/ESP,PEÇ,93.88
10004661,CONECTOR D T AL CA 600-900 CAA 477-795,PEÇ,1018.16
10004665,CONECTOR D T AL1 1/2POL AL1 1/2POL,PEÇ,476.73
10004667,CONECTOR D T AL1 1/2POL CA336.4MCM,PEÇ,2224.32
10004673,CONECTOR D T AL3/4POL CA336.4MCM,PEÇ,991.36
10004675,CONECTOR D T AL3POL AL3POL,PEÇ,1171.98
10004686,CONECTOR AD T AL CA350-600 CAA336-477 2N,PEÇ,2528.50
10004687,CONECTOR AD T AL CAA 556.5MCM 4NEMA,PEÇ,11.98
10004688,CONECTOR AD T AL CAA 795MCM 2NEMA,PEÇ,827.12
10004691,CONECTOR AD T AL CAB GER-BAR CACAA336 4N,PEÇ,532.64
10004692,CONECTOR AD T AL CAB GER-BAR CA 556.5 4N,PEÇ,523.05
10004694,CONECTOR AD T CU 2CAB400 500MCM 240MM²2N,PEÇ,223.87
10004695,CONECTOR AD T CU 70MM2 2 FUROS QA-26-2B,PEÇ,380.80
10004696,CONECTOR AD EXP TB AL 1.1/2POL BR 2N,PEÇ,8288.40
10004699,CONECTOR AD T AL 1.1/2POL 2NEMA,PEÇ,276.09
10004700,CONECTOR AD T AL 1.1/2POL 4NEMA,PEÇ,4185.85
10004702,CONECTOR AD T AL 2POL 4NEMA,PEÇ,362.03
10004703,CONECTOR AD T AL 3POL 4NEMA,PEÇ,5649.71
10004704,CONECTOR AD T90° AL 1.1/2POL 4NEMA,PEÇ,1894.99
10004705,TERMINAL ESPADA AL 6-266MCM 4N 602091-0,PEÇ,839.80
10004711,"TERMINAL OLHAL CENTRAL 1/4"" LATO 10mm",PEÇ,7301.21
10004712,CONECTOR AD EXP LAM CUES 600A 2N,PEÇ,1330.52
10004713,CONECTOR EXP LAM CUES 800A 4N,PEÇ,1386.75
10004716,CONECTOR ATER CABO 70-95mm² CABO-HASTE,PEÇ,293.89
10004717,TERMINAL ESPADA AL 336-556MCM 2N 6020970,PEÇ,519.57
10004720,CONECTOR ATER CU CORD TUB 60MM,PEÇ,74.32
10004723,CONECTOR EMEN COTOVELO 90º AL 1.1/2POL,PEÇ,5534.60
10004725,CONECTOR EMEN COTOVELO 90º AL 3POL,PEÇ,459.63
10004729,CONECTOR EMEN RE AL 1.1/2POL CAA336.4MCM,PEÇ,856.81
10004731,CONECTOR EMEN RE AL 2POL FCI-NS-18A18,PEÇ,247.35
10004732,CONECTOR EMEN RE AL 2POL CA336.4MCM,PEÇ,727.65
10004735,CONECTOR EMEN RE AL 3/4POL CA4/0AWG,PEÇ,259.04
10004736,CONECTOR EMEN RE AL 3POL 1.1/2POL,PEÇ,808.86
10004739,CONECTOR EMEN RE AL 4POL,PEÇ,3522.26
10004744,CONECTOR PAR AL CACU400 CAA397.5MCM,PEÇ,540.85
10004745,CONECTOR PERF 16~95X1.5~10MM,PEÇ,11054.39
10004749,CONECTOR SUP AL TUB 1 1/2POL CF127MM,PEÇ,966.40
10004751,CONECTOR SUP AL TUB 2POL CF76MM,PEÇ,2151.37
10004753,CONECTOR SUP AL TUB 3POL CF76MM,PEÇ,431.22
10004755,CONECTOR SUP AL CA250-550 CAA266-477UHKR,PEÇ,185.25
10004756,CONECTOR SUP DESL AL TUB1 1/2POL CF76MM,PEÇ,1022.50
10004759,GRAMPO A COMP CAA 336.4 26X7 2NEMA,PEÇ,39209.47
10004760,GRAMPO A COMP CAA 477 26X7 2NEMA,PEÇ,2372.77
10004765,GRAMPO A P CA336.4-477 CAA 4/0-397.5MCM,PEÇ,2228.01
10004766,GRAMPO A P CA4/0-266.8 CAA3/0-4/0AWG,PEÇ,12661.75
10004770,"GRAMPO ANC P RETO CORD AÇO 5/16""-3/8""",PEÇ,5063.90
10004772,GRAMPO S MON A CA397.5 795 CAA795MCM,PEÇ,2291.92
10004773,GRAMPO S MON A CORD ACO 5/16-3/8POL,PEÇ,11969.71
10004775,LUVA EMENDA COMP CA 336.4 MCM IT-09,PEÇ,5065.20
10004776,LUVA EMENDA COMP CAL 70 MM² IT-07,PEÇ,731.91
10004780,CONECTOR AD T C CUES 240MM² BR 2N TM240,PEÇ,157.51
10004782,CONECTOR AD EXP TB AL 1.1/2POL BR 4N,PEÇ,583.48
10004783,CONECTOR AD EXP TB AL 3POL BR 4N,PEÇ,1394.27
10004784,CONECTOR AD T90º AL 3POL BR 4N,PEÇ,519.12
10004785,CONECTOR AD T90° AL CA556.5MCM 4NEMA,PEÇ,1920.62
10004788,CONECTOR ATER BR CU 4 2/0AWG CH 7MM,PEÇ,64.00
10004789,CONECTOR D T 2POL 1.1/2POL,PEÇ,520.43
10004790,CONECTOR D T 2POL CAA336.4MCM,PEÇ,360.14
10004800,CONECTOR EMEN RE AL 3POL,PEÇ,6760.22
10004805,CONECTOR PAR CU BR F ACO 6AWG,PEÇ,629.16
10004806,CONECTOR PERF ISOL P-70-240 D 70-240 IT5,PEÇ,71.61
10004807,GRAMPO ANC P 90º CORD AÇO 5/16-3/8POL.,PEÇ,7741.72
10004808,GRAMPO A COMP CAA 556.5 26X7 4N,PEÇ,39293.18
10004811,GRAMPO SUSP MON A CAA C/ARM 477-556.5MCM,PEÇ,2929.48
10004812,LUVA EMENDA COMP CA COBERTO 185MM² IT-10,PEÇ,2301.11
10004813,LUVA EMENDA COMP CA COBERTO 50 MM² IT-05,PEÇ,1764.87
10004816,CONECTOR D T 2 CA 336.4 NNT18A31A,PEÇ,212.69
10004818,CONECTOR D T AL 4POL 2N,PEÇ,1137.74
10004819,CONECTOR D T AL 4POL CA336.4MCM,PEÇ,383.50
10004822,CONECTOR SUP AL CA 556.5 CF127MM,PEÇ,587.85
10004823,CONECTOR D P FEND CU 10-35 MM² S/ESP,PEÇ,15841.65
10004826,CONECTOR D T AL 3/4POL BR 2N,PEÇ,111.99
10004827,CONECTOR D T AL CA556.5 CAA1/0AWG,PEÇ,998.72
10004830,LUVA EMENDA 3/8 LATAO ES ROSCA EXT,PEÇ,117.57
10004839,CONECTOR CUNHA CN101,PEÇ,2817.33
10004840,CONECTOR PAR AL CA700-750 CAA605-636,PEÇ,341.96
10004841,"TERMINAL DERIVACO T 1/4"" LATO",PEÇ,3150.88
10004842,LUVA EMENDA 1/4 LATAO ES ROSCA EXT,PEÇ,36.31
10004843,"TERMINAL OLHAL CENTRAL 3/8"" LATO 10mm",PEÇ,1852.44
10004844,"TERMINAL DERIVACO T 3/8"" LATO",PEÇ,4366.04
10004847,TUBO AL ELET 3  6M 6101ASTM SCH80,PEÇ,890.45
10004861,CONDULETE T AL 2POL BSP TAMPA,PEÇ,317.52
10004862,BUCHA EL REDUCAO AL 2X1.1/2POL BSP,PEÇ,305.10
10004863,CONECTOR EL FLEX LATÃO 1.1/2 BSP F-FX,PEÇ,1283.36
10004864,CONECTOR EL FLEX LATÃO 1.1/2 BSP M-FX,PEÇ,1111.87
10004866,CURVA EL AÇO 90G R LONGO 2POL BSP,PEÇ,1982.26
10004867,CURVA EL AÇO 90G R LONGO 2POL BSP,PEÇ,101.89
10004868,CURVA EL AÇO 90G R LONGO 3POL BSP,PEÇ,156.81
10004871,LUVA EL FE 2POL BSP,PEÇ,1115.66
10004872,LUVA EL FE 3POL BSP,PEÇ,40.50
10004878,ARRUELA EL AL 2POL BSP ESTRIADA,PEÇ,454.57
10004879,ARRUELA EL AL 3POL BSP ESTRIADA,PEÇ,248.37
10004880,ABRAÇADEIRA AÇO DIAM 20 A 30MM,PEÇ,4706.81
10004885,BUCHA EL TERM AL 1.1/2POL BSP,PEÇ,124.45
10004886,BUCHA EL TERM AL 2POL BSP,PEÇ,339.21
10004887,BUCHA EL TERM AL 3POL BSP,PEÇ,307.03
10004890,BRAÇADEIRA DUPLA ACO 1.1/2POL FURO 6.3MM,PEÇ,0.88
10004896,ENTRADA LINHA ALIM EL AL LISO 3POL,PEÇ,20.53
10004897,ELETRODUTO FLEXIVEL ESP AC 2,M,307.42
10004898,ELETRODUTO RIG AÇO C/COS 2POL 3M LUVA,PEÇ,352.08
10004899,ELETRODUTO AC PESAD SC 3 BSP,PEÇ,118.16
10004900,"ELETRODUTO RIG PVC NT BSP 1.1/2""",PEÇ,360.88
10004901,ELETRODUTO RIG PVC BSP 2POL 3M,PEÇ,9022.60
10004902,ELETRODUTO RIG PVC BSP 3POL 3M,PEÇ,29.79
10004903,TUBO AL ELET 1.1/2  6M 6101ASTM SCH40,PEÇ,27168.21
10004905,TUBO AL ELET 2  6M 6101ASTM SCH40,PEÇ,571.65
10004907,TUBO AL ELET 3   6M 6101ASTM SCH40,PEÇ,17992.67
10004908,TUBO AL ELET 4   6M 6101ASTM SCH40,PEÇ,9462.00
10004909,CONDULETE T AL 1.1/2POL BSP TAMPA,PEÇ,310.27
10004927,BORNE TERM POLIAM 1P 50A 1000V,PEÇ,59.52
10004987,PLACA IDENT FASES AZUL SPAD709 IT2 R-1,PEÇ,636.80
10004988,PLACA IDENT FASES BRANCA SPAD709 IT3 R-1,PEÇ,637.97
10004990,PLACA IDENT FASES VERM SPAD709 IT01 R-1,PEÇ,632.83
10005024,PLACA IDENT FASES VERMELHA SPAD709 IT4R1,PEÇ,1470.00
10005025,PLACA IDENT FASES AZUL SPAD709 IT5 R-1,PEÇ,1470.00
10005026,PLACA IDENT FASES BRANCA SPAD709 IT6 R-1,PEÇ,1470.00
10005027,CONTROLE BCO CAPAC TEMP/TENSÃO,PEÇ,5012.61
10005034,SUPORTE GLOBO VIDRO LAMP CA CC SD.03.406,PEÇ,2150.00
10005036,SUPORTE GLOBO VID ZI ILUM CA SD.03-405,PEÇ,4500.00
10005090,CURVA TUBO PVC AF 90° LONGO 1.1/2 BSP,PEÇ,1199.90
10005093,CURVA TUBO PVC AF 90° LONGO 1 BSP,PEÇ,307.96
10005094,LUVA TUBO PVC 1 BSP,PEÇ,1659.94
10005095,"LUVA TUBO PVC AF 3/4"" BSP",PEÇ,445.96
10005096,"LUVA TUBO PVC AF 3"" BSP",PEÇ,3671.96
10005098,"TUBO RIG PVC AF 1.1/2"" 6m BSP",PEÇ,6571.24
10005100,TUBO RIG PVC AF 3 6m BSP,PEÇ,25428.27
10005101,PARAFUSO QUAD ACO CARB M16 X 200 MM,PEÇ,1880.18
10005102,PARAFUSO QUAD ACO CARB M16 X 350 MM,PEÇ,3141.14
10005103,PARAFUSO QUAD ACO CARB M16 X 450 MM,PEÇ,23620.10
10005104,PARAFUSO QUAD ACO CARB M16 X 550 MM,PEÇ,10336.08
10005105,PARAFUSO QUAD ACO CARB M16 X 650 MM,PEÇ,4398.89
10005106,PARAFUSO QUAD ACO CARB M16 X 700 MM,PEÇ,4844.14
10005107,PARAFUSO CAB SE BRONZE M12X50mm AR POR,PEÇ,2939.37
10005109,PORCA QUAD ZI 16MM M CHANFRO,PEÇ,8353.39
10005111,PARAFUSO CAB AB ZI 16X200MM M POR Q,PEÇ,218.32
10005112,PARAFUSO CAB AB ZI 16X250MM POR Q,PEÇ,43.44
10005113,PARAFUSO CAB AB ZI 16X50MM POR Q,PEÇ,3916.53
10005114,PARAFUSO CAB SE ZI 12.7X50MM M 2AR POR,PEÇ,67.72
10005121,PARAFUSO CAB AB AL 16X150MM M POR Q,PEÇ,3895.42
10005122,PARAFUSO CAB AB AL 16X45MM M POR Q,PEÇ,749.66
10005123,PARAFUSO CAB AB AL 16X70MM M POR Q,PEÇ,3852.17
10005125,PARAFUSO CAB Q AL 16X300MM M POR Q,PEÇ,2471.48
10005126,PARAFUSO CAB Q AL 16X350MM M POR Q,PEÇ,763.95
10005127,PARAFUSO CAB Q AL 16X500MM M POR Q,PEÇ,4442.28
10005129,PARAFUSO CAB Q ZI 12.7X125MM MT POR Q,PEÇ,14.93
10005130,PARAFUSO CAB Q ZI 12.7X200MM M AR POR Q,PEÇ,765.33
10005131,PARAFUSO CAB Q ZI 20X500MM M POR Q,PEÇ,2911.76
10005132,PARAFUSO CAB Q ZI 20X50MM M POR Q,PEÇ,496.44
10005133,PARAFUSO CAB Q ZI 20X750MM M POR Q,PEÇ,1691.04
10005134,PARAFUSO CAB SE BRON 12X25.4MM MT AR PO,PEÇ,8049.98
10005136,PARAFUSO CAB SE BRON 12X90MM 2AR POR S,PEÇ,433.38
10005140,PARAFUSO CAB SE LAT 6.3X25MM W 2AR POR S,PEÇ,468.23
10005141,PARAFUSO CAB SE LAT 7.93X38MM W T POR,PEÇ,12.36
10005142,PARAFUSO CAB SE LAT 7.9X50MM W 2AR POR S,PEÇ,23.79
10005147,PARAFUSO CAB SE ZI 12.7X63MM W AR POR S,PEÇ,5.85
10005148,PARAFUSO CAB SE ZI 9.5X30MM M T 2AR POR,PEÇ,9.48
10005150,PARAFUSO OLHAL ZI 20X250MM M 2 POR Q,PEÇ,228.80
10005151,PARAFUSO OLHAL ZI 20X700MM M 2 POR Q,PEÇ,6290.30
10005155,ARRUELA LISA QUAD ZI 35X4.7MM DI 14MM,PEÇ,252.29
10005158,PARAFUSO CAB Q AL 16X150MM M POR Q,PEÇ,2561.73
10005159,PARAFUSO CAB Q ZI 20X700MM M POR Q,PEÇ,406.62
10005162,ARAME FERRO 14BWG,KG,323.42
10005164,FIO AÇO 6.05 (4BWG) CLASSE A,KG,19008.36
10005166,CORDOALHA AÇO CARB 6.4MM 7F MR/SM CL.B,M,3070.23
10005168,CORDOALHA AÇO CARB 9.5MM 7F CL.B MR/SM,M,132498.81
10005171,CHAPA AÇO PISO 6.35X800X1500M PAD-A2-400,PEÇ,7355.35
10005175,VERGALHAO COBRE ELET 1/4POL 3000MM,KG,5037.81
10005176,VERGALHAO COBRE ELET 3/8POL 3000MM,KG,2127.05
10005180,MASSA ISOLAMENT ELET 38X1500MM,PEÇ,3748.84
10005181,FITA ISOL BOR AUTA FUSAO PRETA 19MMX10M,PEÇ,5941.85
10005189,POSTE MADEIRA EUC PRES 7M MEDIO,PEÇ,2313.35
10005190,POSTE MADEIRA EUC PRES 7M 40daN B.RENDA,PEÇ,11912.69
10005194,CRUZETA MADEIRA EUC PRES CIRC 5000MM,PEÇ,1646.24
10005200,CRUZETA MADEIRA 90X112.5X5000MM,PEÇ,25762.16
10005248,TRAFO DIST 3F 500KVA M 15KV 220/127V,PEÇ,25226.59
10005259,TRAFO DIST 1F 25KVA K 36.2KV 254/127V,PEÇ,6018.58
10005290,FIO E ISO CU PVC BWF 2.5mm² 750V AZ,M,446.64
10005291,FIO E ISO CU PVC BWF 2.5mm² 750V BR,M,1225.69
10005306,TRAFO COR 13.8KV INT 75-5A,PEÇ,4804.98
10005317,PARA RAIO DISTR ZNO 12KV 10KA S/CENT,PEÇ,33820.05
10005319,CONCHA OLHAL ACO 35MM 80KN F-1305,PEÇ,2325.22
10005326,CONECTOR AD T CU 2CAB 600-800 2N,PEÇ,10812.66
10005329,CONECTOR SUP DESL AL TUB3POL CF127MM,PEÇ,1043.37
10005330,CONECTOR D T AL CA336.4 CA336.4MCM,PEÇ,47.64
10005357,VIGA MET U 800X203.2X50.8X6.35MM REG. T,PEÇ,3632.05
10005378,GLOBO VIDRO TRANSPARENTE 280-145mm,PEÇ,1841.38
10005381,CABO E ISO CU PVC BWF 35MM2 750V PR,M,261407.74
10005403,CABO E NU CAA 266.8MCM 26/7F PARTRIDGE,M,8896.45
10005421,CHAVE FUS RELIG C 36.2KV 100A 150KV 3 OP,PEÇ,16474.49
10005442,CAPACITOR POT MONO 100KVAR 7960V 95KV 5D,PEÇ,3910.37
10005447,TRAFO POTL 13.8KV 0.3P75 500VA EXT,PEÇ,3715.08
10005496,TUBO RIG PVC AF 4 6m BSP,PEÇ,1139.87
10005499,PARAFUSO CAB Q ZI 12X50MM M POR Q,PEÇ,355.87
10005516,CONECTOR ATER BR CU 8 4AWG CH 7MM,PEÇ,393.91
10005524,MEDIDOR ELETN MULTIF PROG.15A BIFÁSICO,PEÇ,607.53
10005535,ARRUELA QUAD LISA 50x5mm DI 21mm ZI,PEÇ,396.01
10005537,LUVA EL FE 4POL BSP,PEÇ,21.61
10005539,CINTA POSTE CIRCULAR B-56 AC 560MM,PEÇ,1310.69
10005541,PRESILHA AÇO CIRC 6a9.5mm DITEE-T-A4-196,PEÇ,980.77
10005545,CHAPA AÇO 100x9.5X760mm TPPR-T-A4-576,PEÇ,44863.87
10005550,PARAFUSO A ATARR ABAU FEN 4.7X50MM SOB T,PEÇ,3618.27
10005551,LUVA TUBO PVC 2 BSP,PEÇ,1011.55
10005555,CONECTOR TERM C BIM CU 70MM2 2N IT4,PEÇ,163.76
10005622,LAMPADA VS A PRES 250W 220V E40 TUBULAR,PEÇ,231.75
10005634,TRAFO COR 0.6KV INT 150-5A,PEÇ,66.75
10005639,TRAFO COR 13.8KV INT 30-5A,PEÇ,216.48
10005640,TRAFO COR 13.8KV INT 40-5A,PEÇ,1771.39
10005643,ARMADURA PREF CAB ALCAA556 CA636 AR0135,PEÇ,6059.19
10005645,CONECTOR ATER CU 70-95MM2 GC2929,PEÇ,996.81
10005646,CONECTOR PAR CU 2X70MM2,PEÇ,1781.76
10005647,CONECTOR PAR CU/BR 2XACO3/8POL,PEÇ,193.59
10005649,CONECTOR PAR CU BR C ACO 5/16POL,PEÇ,91.03
10005663,"LUVA TUBO PVC AF 1.1/2"" BSP",PEÇ,998.89
10005665,PARAFUSO CAB SEX M12x60mm 2AR POR BRONZE,PEÇ,44816.21
10005666,PARAFUSO OLHAL ZI 16X400MM M 2 POR Q,PEÇ,10961.77
10005669,TUBO ISOL TERMOCON 35KV BPTM 120/50,M,5905.62
10005672,TRANSF POTL 34500V 0.3P75 100VA 1 ENR,PEÇ,14119.33
10005697,SELO SEG SEMI BARR AZUL CGSM-M-002/03,PEÇ,235.41
10005702,"TUBO RIG PVC AF 1"" 6m BSP",PEÇ,4590.82
10005704,"TUBO RIG PVC A F 2"" 6m BSP",PEÇ,2127.62
10005711,CAPACITOR MONO 100KVAR 7960V 110KV 1BUCH,PEÇ,1979.66
10005731,SELO SINALIZ AMARELO 200MM CGSM-M-007/03,PEÇ,155.65
10005754,TRAFO DIST 3F 150KVA N 15KV 380/220V,PEÇ,7311.97
10005762,CHAVE SEC 1P FC 15KV 630A 25KA PADA4-600,PEÇ,16871.40
10005767,TRAF POTL IND 69KV 600:1 0.3P200 2EN EXT,PEÇ,174718.50
10005780,TPI 13.8KV 120:1 0.3P100 2 ER EX,PEÇ,9646.36
10005826,CONCENTRADOR SECUNDÁRIO - CS-9701,PEÇ,2704.35
10005829,DISPLAY REMOTO-TERMINAL DE LEITURA RF,PEÇ,753972.06
10005871,CHAPA ISOL PIL 9.5X160X610MM,PEÇ,3850.90
10005875,PRENSA FIOS AÇO 3 PARAF 6.4-9.5MM,PEÇ,9567.85
10006008,ISOLADOR PEDESTAL PORC TR10 M12X20 34KV,PEÇ,4721.53
10006009,ISOLADOR SUPORTE POR 15KV EXT TR-205,PEÇ,4909.56
10006053,TRAFO COR 69KV EXT 75~400-5-5A,PEÇ,192960.22
10006059,CONEC ELETR. TUBO AÇO E CABO CU GAR 1729,PEÇ,104.00
10006102,CONECTOR AD T90° AL CA 336.4MCM 4NEMA,PEÇ,679.89
10006103,CONECTOR ATER CU 70-95mm² CH 7mm GB-29,PEÇ,8669.21
10006104,CONECTOR SUP DESL AL TUB3POL CF 76mm,PEÇ,1338.93
10006105,GRAMPO A P CA397.5-795 CAA336.4-636MCM,PEÇ,10001.71
10006107,TAMPAO ANTI CORONA AL 3POL,PEÇ,1379.10
10006111,PAINEL SERV AUX CA CC 125VCC 220/127VCA,PEÇ,97492.63
10006221,PROLONGADOR ACO GARFO GARFO 120KN F-1380,PEÇ,1771.16
10006222,PRENSA FIOS AÇO 6 A 9.5mm DITEE-T-A4-197,PEÇ,5464.38
10006242,CHAVE TESTE 10POLOS 20A FT-1 129A514G01,PEÇ,3850.14
10006243,CHAVE TESTE 10POLOS 20A FT-1 498A020G01,PEÇ,1324.84
10006244,CHAVE TESTE 10POLOS 30A 600V 129A501GO1,PEÇ,3785.25
10006361,"CONECTOR D T AL R-4"" AL D-3"" NNT-22A20A",PEÇ,692.16
10006366,GRAMPO A P CA1-3/0 CAA2-3/0AWG,PEÇ,1307.69
10006367,GRAMPO SUSP MON ART CA336.4 CAA1/0AWG,PEÇ,581.85
10006368,CONECTOR PAR. P/ 2 CABOS CAA EF 101.8MCM,PEÇ,174.09
10006369,CONECTOR ATERRAM. P/CABO CAA EF 101.8MCM,PEÇ,122.66
10006371,CAIXA DE INTERLIGAÇÃO PARA BC AUTOMÁTICO,PEÇ,614.75
10006423,CABO ELET AL NU CAA 108MCM 12/7F PETREL,KG,2011.50
10006441,PARAFUSO CAB Q ZI 20X300MM M POR Q,PEÇ,568.56
10006444,CONECTOR AD T90º AL 336.4MCM 2NEMA,PEÇ,666.20
10006447,PARAFUSO CAB Q ZI 20X400MM M POR Q,PEÇ,2872.53
10006451,CONECTOR D T AL 3POL 1.1/2POL,PEÇ,489.84
10006455,PORCA QUADR 20mm M CHANFRO ZI,PEÇ,1147.32
10006522,"CONECTOR EL FLEX LATÃO 2"" BSP M-FX",PEÇ,124.10
10006532,CABO E NU CAA 795MCM 45/7F TERN,KG,36498.00
10006536,CONECTOR SUP AL TUB 4POL CF 127MM,PEÇ,2909.35
10006538,TAMPAO ANTI CORONA AL 4POL,PEÇ,1132.40
10006541,CABO POT CU CL2 12X1.5MM² 1KV PT,M,1858.12
10006591,PELÍCULA ALFANUM. ADESIVA IDENT-0,PEÇ,1237.46
10006592,PELÍCULA ALFANUM. ADESIVA IDENT-1,PEÇ,833.40
10006593,PELÍCULA ALFANUM. ADESIVA IDENT-2,PEÇ,1416.11
10006594,PELÍCULA ALFANUM. ADESIVA IDENT-3,PEÇ,2544.96
10006595,PELÍCULA ALFANUM. ADESIVA IDENT-4,PEÇ,1080.16
10006596,PELÍCULA ALFANUM. ADESIVA IDENT-5,PEÇ,5.83
10006597,PELÍCULA ALFANUM. ADESIVA IDENT-6,PEÇ,887.88
10006598,PELÍCULA ALFANUM. ADESIVA IDENT-7,PEÇ,1052.93
10006599,PELÍCULA ALFANUM. ADESIVA IDENT-8,PEÇ,1687.22
10006600,PELÍCULA ALFANUM. ADESIVA IDENT-A,PEÇ,97.13
10006601,PELÍCULA ALFANUM. ADESIVA IDENT-B,PEÇ,129.38
10006602,PELÍCULA ALFANUM. ADESIVA IDENT-C,PEÇ,5.83
10006603,PELÍCULA ALFANUM. ADESIVA IDENT-D,PEÇ,126.27
10006604,PELÍCULA ALFANUM. ADESIVA IDENT-E,PEÇ,268.09
10006605,PELÍCULA ALFANUM. ADESIVA IDENT-F,PEÇ,504.66
10006606,PELÍCULA ALFANUM. ADESIVA IDENT-G,PEÇ,53.77
10006607,PELÍCULA ALFANUM. ADESIVA IDENT-H,PEÇ,50.51
10006608,PELÍCULA ALFANUM. ADESIVA IDENT-I,PEÇ,48.56
10006609,PELÍCULA ALFANUM. ADESIVA IDENT-J,PEÇ,40.65
10006610,PELÍCULA ALFANUM. ADESIVA IDENT-K,PEÇ,1938.57
10006612,PELÍCULA ALFANUM. ADESIVA IDENT-M,PEÇ,9.71
10006613,PELÍCULA ALFANUM. ADESIVA IDENT-N,PEÇ,49.17
10006614,PELÍCULA ALFANUM. ADESIVA IDENT-P,PEÇ,9.71
10006617,PELÍCULA ALFANUM. ADESIVA IDENT-S,PEÇ,145.69
10006618,PELÍCULA ALFANUM. ADESIVA IDENT-T,PEÇ,411.86
10006619,PELÍCULA ALFANUM. ADESIVA IDENT-U,PEÇ,67.99
10006620,PELÍCULA ALFANUM. ADESIVA IDENT-V,PEÇ,77.70
10006622,PELÍCULA ALFANUM. ADESIVA IDENT-X,PEÇ,97.13
10006692,SUPORTE P/ NUMEROS REFLETIVOS 440X95X4,PEÇ,6245.78
10006743,CONVERSOR SEL 2812MR,PEÇ,63117.02
10006773,SUPORTE NUMERO REFLETIVO 230x110x4mm,PEÇ,1341.09
10006784,CONCENTRADOR PRIM CP 9701 E MODEM CELUL,PEÇ,3484.95
10006791,CHAVE FUS DIS C 15KV 100A 2KA,PEÇ,0.00
10006794,FECHO PARA FITA DE ACO INOX 3/4,PEÇ,1056.00
10006821,TP 34.5KV 175:300:1 0.3P200 2ENR 1000VA,PEÇ,0.01
10006823,TRAFO COR 13.8KV 600/5A 0.3C50 10B200,PEÇ,31518.93
10006825,CONECTOR TERM ESTRANGUL TIPO 7 2FUROS,PEÇ,39483.75
10006849,CABO E NU COBRE 95MM2 19/2.52MM M DURO,KG,16151.36
10006871,MEDIDOR ELETN BT REAT DIRET 120V 4F 3E,PEÇ,123640.17
10006884,FITA AÇO PARA SUPORTE DE ADESIVO,M,368.56
10006953,CONECTOR TERM ESTRANGUL TIPO 4 2FUROS,PEÇ,84215.95
10006954,CONECTOR TERM ESTRANGUL TIPO 5 2FUROS,PEÇ,48497.49
10006977,LACO PREF P/ CABO ACO 4.76MM (3/16POL),PEÇ,426.14
10006996,CONECT PERF SUBT PRI 120-240 DER 120-240,PEÇ,1447.04
10007031,CHAVE SECC TRIP 15KV 1250A AV-MOT-125VCC,PEÇ,5212.52
10007063,CONECTOR TERM ESTRANGUL TIPO 3 1FURO,PEÇ,88371.86
10007095,CONECTOR EXP LAMINADA CU ES 1200A 4N,PEÇ,3182.57
10007252,TRAFO DIST 1F 1.5KVA BCO CAP 7.96KV 127V,PEÇ,53980.55
10007415,CINTA POSTE CIRCULAR B-42 AC 420MM,PEÇ,4066.46
10007416,CINTA POSTE CIRCULAR B-44 AC 440MM,PEÇ,1198.41
10007417,CINTA POSTE CIRCULAR B-46 AC 460MM,PEÇ,5197.67
10007418,CINTA POSTE CIRCULAR B-48 AC 480MM,PEÇ,7746.62
10007419,CINTA POSTE CIRCULAR B-52 AC 520MM,PEÇ,2358.95
10007420,"CONECTOR SUP AL T LIVRE 1.1/2"" CF127mm",PEÇ,887.98
10007432,CONECTOR SUP AL CA336.4 CF127mm UHKR13A5,PEÇ,257.28
10007471,PARAFUSO CAB SE ZI 12.7X45MM M T POR S,PEÇ,60.46
10007481,ISOLADOR PILAR HIBRID 15KV C/ PINO,PEÇ,43530.35
10007535,MEDIDOR ELETN MONOF 2FIOS 1ELEM 15A 240V,PEÇ,2766.49
10007568,CAIXA EMENDA CABO FIBRA OPTICA 48 FIBRAS,PEÇ,386.00
10007574,CONECTOR EMENDA COTOVELO 45º AL 3 POL,PEÇ,557.44
10007693,CONECT PERF SUBTER PRI 120-240 DER 95-70,PEÇ,1721.53
10007694,CONECT PERF SUBTER PRI 120-240 DER 50-35,PEÇ,1013.88
10007701,TENSOR GARFO-GARFO AÇO 120kN PLT-F-216,PEÇ,6622.44
10007741,"PARAFUSO OLHAL 5/8""X 250 MM",PEÇ,144.20
10007743,"PARAFUSO OLHAL  5/8""X 300 MM",PEÇ,377.43
10007797,BALANCIM DUPLICADOR AÇO 120kN P-760-038,PEÇ,2523.74
10008001,CONECTOR TERM ESTRANGUL TIPO 6 2FUROS225,PEÇ,209.60
10008031,TRAFO POTL 34.5kV 0.3P75 500VA INT,PEÇ,13101.33
10008163,MEDIDOR ELETN KW KWH KVAR 2.5A Embutir,PEÇ,7046.67
10008200,MEDIDOR ELETN BIF 3F 2E 15A 220V,PEÇ,3708.07
10008211,MEDIDOR ELETN TRF 4F 3E 15A 220V,PEÇ,4348.97
10008215,CINTA POSTE CIRCULAR 450mm AÇO,PEÇ,745.42
10008282,MEDIDOR ELETN MON 2FIO 1E 15A 120V LEIT,PEÇ,2237.03
10008283,MEDIDOR ELETN BIF 3FIO 2E 15A 120V LEIT,PEÇ,811.87
10008284,MEDIDOR ELETN TRIF 4FIO 3E 15A 120V LEIT,PEÇ,664.83
10008291,CARTUCHO METÁLICO AMARELO CONECTOR CUNHA,PEÇ,150.51
10008314,SUPORTE INSTAL EQUIP TIPO III DIAM 320MM,PEÇ,2153.73
10008320,PARA RAIO DISTR ZNO 30KV 10KA S/CENT,PEÇ,13194.45
10008333,CHAVE FUS C 15KV 300A NBI110KV 10KA POL,PEÇ,194974.37
10008583,MEDIDOR ENER EL MULT MEM 15A 120V 2EL 3F,PEÇ,82957.21
10008602,TERMINAL TUB TIPO 5 CABO 1/0AWG 50mm² AZ,PEÇ,7941.77
10008603,TERMINAL TUB TIPO 1 CABO 8AWG 10mm² VM,PEÇ,8946.12
10008604,TERMINAL TUB TIPO 2 CABO 6AWG 16mm² AZ,PEÇ,51934.39
10008605,TERMINAL TUB TIPO 3 CABO 4AWG 25mm² AM,PEÇ,6763.71
10008606,TERMINAL TUB TIPO 4 CABO 2AWG 35mm² VM,PEÇ,10938.32
10008643,TRAFO DIST 3F 75KVA AP 15KV 220/127V,PEÇ,6121.71
10008791,PARAFUSO CAB ABAUL AÇO CARB M16x100mm,PEÇ,12277.22
10008811,PINO ISOL AÇO CARB 34.5KV M16x35x240MM,PEÇ,15918.99
10008869,CRUZETA FIB VIDRO 90X90MM 2000MM,PEÇ,368895.60
10008878,CORDOALHA AÇO CARB 6.4mm 7F MR/SM CL B,KG,347.04
10008879,CORDOALHA AÇO CARB 9.5mm 7F AR/HS CL B,KG,1498.05
10008891,CORDOALHA AÇO CARB 7.9mm 7F AR/HS CL B,KG,15435.94
10008943,MEDIDOR KW KWH KVAR 2.5A TCP/IP SOBREPOR,PEÇ,29575.56
10008951,SUPORTE INSTAL EQUIP TIPO III DIAM 360MM,PEÇ,768.47
10008966,RµDIO DIG VHF APCO 25 VEICULO CAB EST,PEÇ,5742.12
10008970,PARAFUSO ESP SAE1020 MA M16X2MM 750MM,PEÇ,372.64
10008971,CABO POT CU CL2 4X2.5MM 1KV PT,M,4159.01
10008974,TRAFO DIST SECO 3F 150KVA 15KV 220V,PEÇ,23119.15
10008978,TRAFO DIST SECO 3F 500KVA 15KV 220V,PEÇ,38497.57
10009024,TRAFO COR 34.5kV 10/20/5A 0.3C25 INT,PEÇ,13924.57
10009036,TRAFO COR 34.5KV 150~600-5A 0.3C25 INT,PEÇ,10336.93
10009174,INDICADOR FALTA REDE DIST AÉREA13.2a35KV,PEÇ,5625.96
10009187,CANALETA CINZA PVC 50x50x2000MM,PEÇ,465.00
10009209,TRILHO PERF PRÉ-GALV FIXAR DISJ 35Mx2M,PEÇ,117.83
10009233,CONTROLE ACIONAMENTO AUTO MONO 127VCA,PEÇ,37591.95
10009282,"LUMINÁRIA FECHADA VS 100W 3/4""",PEÇ,644.49
10009326,FIREWALL,PEÇ,3525.69
10009403,CAPACITOR POT MONO 200KVAR 13800V 110KV,PEÇ,3018.29
10009443,TRAFO COR 69KV 300/5A 0.3C50 10B400 EXT,PEÇ,122456.70
10009445,MÓDULO TRANSMISSÃO ZIGBEE ABNT,PEÇ,3012.42
10009449,CABO COM SERIAL EIA-RS-232C-RS232 1.5M,PEÇ,1689.95
10009493,MEDIDOR ENER EL 15A 120/240V 3F,PEÇ,26961.27
10009548,ABRACADEIRA D PARAF A1010/1020 1.1/2,PEÇ,42.22
10009549,ABRACADEIRA D PARAF A1010/1020 2,PEÇ,33.60
10009646,CABO PROTEGIDO AL 34.5KV XLPE CZ 185MM2,M,23990.76
10009647,ALÇA PREF CABO COBERTO CA 185MM² -35KV,PEÇ,1365.13
10009674,CABO MX AL XLPE 0.6/1KV 2X1X16+16MM2 NI,M,54371.64
10009741,ANTENA DIRETIVA 9db UHF 406/440Mhz YAGI,PEÇ,4317.44
10009743,ANTENA ONMINI EXT 9DBI 406~440MHZ,PEÇ,623.15
10009801,MEDIDOR ATIVA MONOF 120V 15A 2F 1E SMC,PEÇ,213.93
10009862,SUPORTE AÇO PARA-RAIOS TRANSF DISTRIB,PEÇ,983.55
10009902,CABO COB ANTI-FURTO AL XLPE 1X16+16MM2,M,1335009.43
10009947,SUPORTE CONCENTRADOR SEC SMC,PEÇ,95496.75
10009960,ESPAÇADOR P/ REDE PRIM 6 À 336 AWG 750MM,PEÇ,15283.72
10010045,PARAFUSO CAB SE ZI 10X25MM M T 2AR POR,PEÇ,346.84
10010050,CABO COM SERIAL EIA-RS232 1.8M,PEÇ,354.60
10010063,TERMINAL SERVER RS232 16 PORTA SERAL,PEÇ,5253.73
10010091,PARAFUSO QUAD ACO CARB M16 X 1000 MM,PEÇ,4122.06
10010109,ESPACADOR LOSAN AUTOTRAV 13.8KV,PEÇ,35737.09
10010114,GANCHO SUSTENT POLIMRICO REDE BTZERO,PEÇ,24530.99
10010120,MEDIDOR ELETR MMGD 15A 120V TRIF 4F 3E,PEÇ,47171.57
10010179,"CONECTOR GIR RT LT 1.1/2"" M BSP",PEÇ,388.05
10010213,TERMINAL DE LEITURA DISPLAY TAD-E,PEÇ,6909.39
10010221,PECA REPOS CABO ENER 1.5M CAS 130016500,PEÇ,436.55
10010236,MEDIDOR ELETR MMGD 15A 120V BIF 3F 2E,PEÇ,6103.62
10010244,CABO MX AL XLPE 0.6/1KV 2X1X25+25MM2 NI,M,3045.54
10010288,ISOLADOR BAST POLI CZ 138KV C-B AP PES,PEÇ,18868.80
10010301,ANILHA IDENT CABO PVC AM 0 -  9~12.6MM,PEÇ,177.92
10010302,ANILHA IDENT CABO PVC AM 1 - 9~12.6MM,PEÇ,788.67
10010303,ANILHA IDENT CABO PVC AM 2 - 9~12.6MM,PEÇ,171.30
10010304,ANILHA IDENT CABO PVC AM 3 - 9~12.6MM,PEÇ,24.63
10010305,ANILHA IDENT CABO PVC AM 4 - 9~12.6MM,PEÇ,33.31
10010306,ANILHA IDENT CABO PVC AM 5 - 9~12.6MM,PEÇ,22.02
10010308,ANILHA IDENT CABO PVC AM 7 - 9~12.6MM,PEÇ,19.83
10010309,ANILHA IDENT CABO PVC AM 8 - 9~12.6MM,PEÇ,22.06
10010310,ANILHA IDENT CABO PVC AM 9 - 9~12.6MM,PEÇ,21.97
10010311,"CONECTOR DER T 1T/T 2""",PEÇ,525.46
10010332,CRUZETA FIB VIDRO 90X90MM 2400MM,PEÇ,14431.12
10010333,CRUZETA FIB VIDRO 90X112.5MM 2800MM,PEÇ,72231.63
10010421,ANEL AMARRACAO ISOL PINO 34.5KV,PEÇ,3349.66
10010544,PAINEL COM PROT INT AC DTEA-CT-A4-1131,PEÇ,13503.30
10010554,UNIDADE REMOTA COMUNICAÇAO TAD-E SE-2M,PEÇ,3253.01
10010564,PAINEL MEDIÇÃO 1000x600x700mm EXT,PEÇ,0.01
10010595,BASE CONEXÃO RELE BLOQUEIO BJ TRILHO DIN,PEÇ,7572.18
10010632,SUPORTE INSTAL EQUIP TIPO III DIAM 400MM,PEÇ,899.16
10010641,TRAFO COR 15KV EXT 100~300X200~600-5-5A,PEÇ,2560.32
10010678,CABO ACO COBREADO ATER 2/0 AWG 40% IACS,KG,28425.96
10010718,CONECTOR CUNHA ATERR CORDOALHA 25-50MM2,PEÇ,1442.66
10010719,HASTE ATERRAMENTO COBREADA RABICHO 2.40M,PEÇ,28880.38
10010733,CABO PROTEGIDO CU 15KV XLPE CZ 16MM2,M,694.56
10010771,CABO ACO COBREADO 1AWG 7X2.91 MM2 30%,KG,1122.48
10010982,KIT CABO PRE-MONTADO RGC-058 10 M,KIT,11896.86
10011021,MODULO COM MONIT/TELEMEDICAO MED 3G,PEÇ,388107.42
10011091,CORDOALHA AÇO CARB 4.87MM 3 F CL.A,KG,114957.21
10011107,ANTENA UHF COLINEAR 4 ELEMENTOS 11dBi,PEÇ,1916.19
10011153,"FITA ACO INOX 3/4"" 0.5X25M CINTAR POST",ROL,1804.67
10011155,CONC PRIM GERENCIA REDE DISP TAD-EC3G,PEÇ,2714.00
10011192,CONECTOR CUNHA CN4 PROT CORROS GALVÂNICA,PEÇ,5500.35
10011193,CONECTOR CUNHA CN6 PROT CORROS GALVÂNICA,PEÇ,12367.16
10011194,CONECTOR CUNHA CN7 PROT CORROS GALVÂNICA,PEÇ,38428.86
10011195,CONECTOR CUNHA CN9 PROT CORROS GALVÂNICA,PEÇ,4554.52
10011196,CONECTOR CUNHA CN50 PROT CORR GALVÂNICA,PEÇ,18157.42
10011197,CONECTOR CUNHA CN51 PROT CORR GALVÂNICA,PEÇ,13252.78
10011198,CONECTOR CUNHA CN53 PROT CORR GALVÂNICA,PEÇ,10988.97
10011201,REMOTA CELULAR RS 232 3G,PEÇ,8713.80
10011213,EXTENSOR CONCENTRADOR SEC SMC,PEÇ,422.53
10011241,BLINDAGEM COMPLETA SEC TRAFO DIST TRI,PEÇ,78433.41
10011243,BLINDAGEM C SEC TRAFO DIST MON 25KVA,PEÇ,7280.00
10011244,BLINDAGEM C SEC TRAFO DIST MON 37.5KVA,PEÇ,9893.25
10011246,CJ MED 13.8 KV 3TP/3TC 20/5A EXT,PEÇ,31190.54
10011248,CJ MED 13.8 KV 3TP/3TC 60/5A EXT,PEÇ,14421.63
10011249,CJ MED 13.8 KV 3TP/3TC 80/5A EXT,PEÇ,12548.29
10011250,CJ MED 13.8 KV 3TP/3TC 100/5A EXT,PEÇ,11556.60
10011251,CJ MED 13.8 KV 3TP/3TC 200/5A EXT,PEÇ,12078.92
10011255,CABO MX AL XLPE 0.6/1KV 1X1X16+16MM2 NI,M,22602.32
10011256,CABO MX AL XLPE 0.6/1KV 3X1X16+16MM2 NI,M,7921.86
10011257,CABO MX AL XLPE 0.6/1KV 2X1X35+35MM2 NI,M,27021.26
10011258,CABO MX AL XLPE 0.6/1KV 3X1X35+35MM2 NI,M,98735.94
10011259,CABO MX AL XLPE 0.6/1KV 2X1X70+70MM2 NI,M,17172.75
10011270,MEDIDOR ELETR MMGD 15A 120V MONOF 2F 1E,PEÇ,3720.49
10011271,CABO MX AL XLPE 0.6/1KV 3X1X120+70MM2 NI,M,37155.47
10011302,SWITCH 19 24 PORTAS 90VCA a 240VCA,PEÇ,490.50
10011325,RELE DIFERENCIAL SEL0787EX1ACA0X75850230,PEÇ,97746.90
10011326,RELE DISTÂNCIA 0311C103H4J54X2,PEÇ,341547.14
10011331,FONTE ALIMENTAÇÃO OS (FA-01),PEÇ,1012.08
10011335,GRAMPO SUSP FIBERLING OPGW 12.99-13.61mm,PEÇ,7042.91
10011355,BLINDADEM CONEXO TRAFO/CONC SECUNDæRIO,PEÇ,94720.33
10011417,CONECTOR DERIVACAO PERF ESTRIBO 70MM,PEÇ,7976.07
10011418,CONECTOR DERIVACAO PERF ESTRIBO 180MM,PEÇ,3568.95
10011419,CONECTOR PERFURANTE 4 SAIDAS RELIGAVEL,PEÇ,2198.69
10011463,LAMPADA LED E27 40W 100/240V,PEÇ,2792.00
10011478,CONECTOR SUPORTE EXPANSÃO TUBO AL 3 POL,PEÇ,2220.78
10011480,FIBRA OTICA TIPO MASTERLINE 4 FIBRAS,M,266.99
10011481,CANTONEIRA AUXILIAR RDC,PEÇ,18086.56
10011522,CONCENTRADOR PRIM E MODEM CELULAR 3G,PEÇ,107418.17
10011533,GRAMPO A COMP CAA 795 45/7 TERN,PEÇ,4818.00
10011535,MEDIDOR BIF 120V 15(120)A 3F 2E SMI,PEÇ,807.89
10011536,MEDIDOR TRIF 120V 15(120)A 4F 3E SMI,PEÇ,2674.57
10011537,MEDIDOR TRIF 120V 30(200)A 4F 3E SMI,PEÇ,50158.57
10011538,CONCENTRADOR SECUNDÁRIO-SMI 15(120)A TRI,PEÇ,14132.75
10011539,CONCENTRADOR SECUNDÁRIO - SMI 30(200)A,PEÇ,48755.81
10011542,CONCENTRADOR SECUNDÁRIO-SMI 15(120)A BIF,PEÇ,2930.90
10011830,POSTE FIBRA CIRCULAR 9M 600DAN SECCION,UN,34144.50
10011833,CABO COB ANTI-FURTO AL XLPE 1x25+25MM²,M,5283.90
10011835,CABO ARMADO Al XLPE 3X70 + 70 mm2 Tetra,M,23887.90
10011855,MODULO MEDICAO MONOF 120V 15A 2F 1E SMC,PEÇ,161258.28
10011856,MODULO MEDICAO BIF 120V 15A 3F 2E SMC,PEÇ,228573.03
10011857,MODULO MEDICAO TRIF 120V 15A 4F 3E SMC,PEÇ,19543.31
10011858,CONCENTRADOR SECUNDÁRIO SLOT-SMC,PEÇ,1841594.83
10011883,TRAFO COR 38KV 2500-5A 0.3C2.5~0.3C100,PEÇ,7012.14
10011912,INVERSOR 48VCC/127VAC. 1000W,PEÇ,2995.00
10011960,CABO ARMADO Al XLPE 3x50 + 50mm² Tetra,M,18300.90
10011973,GATEWAY DE FUNCIONALIDADES MULTIPROT SD+,PEÇ,6137.97
10012041,CHAVE SEC FACA ISOL POLIM 15KV 630A,PEÇ,12402.74
10012069,MEDIDOR ENERG COMP PERD 280V-2.5A-4F-3E,PEÇ,47172.79
10012135,MEDIDOR ELETRN TB 15A 120V MONOF 2F 1E,PEÇ,23421.46
10012137,MEDIDOR ELETRN TB 15A 120V BIF 3F 2E,PEÇ,57236.31
10012138,MEDIDOR ELETRN TB 15A 120V TRIF 4F 3E,PEÇ,226060.96
10012161,CHAVE FUSIVEL RELIG POL C 15KV 100A 2KA,PEÇ,185793.65
10012284,CABO ISOL 0.6/1 kV COBR 1x120mm XLPE,M,1638.40
10012285,CONECTOR GLV TORQ P 10-150 MM² D ESTRIBO,PEÇ,49123.29
10012362,MED ELETRN TB TRIF 280V 2.5A 4F 3E 1.0%,PEÇ,10634.80
10012511,SWITCH MIKROTIK - CRS112-8G-4S-IN,PEÇ,1178.96
10012526,SWITCH GERENCIAVEL OTICO P/ AUTOMACAO,PEÇ,52844.58
10012539,CABO POT COBR 1x16MM²  0.6/1 kV XLPE,M,285.10
10012556,CART DCB V28  DNP3 DB15 PARA UTR SUBEST,PEÇ,5918.70
10012557,RACK 19  10 SLOTS  PARA UTR SUBEST,PEÇ,9939.69
10012559,G BIC MODULO 100Base FX SFP PARA SDC6000,PEÇ,6610.84
10012588,POSTE FIBRA CIRCULAR 10M 300DAN 2P BECO,PEÇ,51087.48
10012761,GABINETE TELECOM DKL GB-15T-2 100,PEÇ,20222.01
10012762,RETIFICADOR SR 48VCC/110A,PEÇ,29669.59
10012854,TRAFO 1F 1.5KVA BCO 7.96KV 127V OVI,PEÇ,27153.49
10012873,TRAFO 1F 10KVA H 15KV 254/127V OVI,PEÇ,343594.98
10012874,TRAFO 1F 15KVA H 15KV 254/127V OVI,PEÇ,3467.61
10012875,TRAFO 1F 25KVA H 15KV 254/127V OVI,PEÇ,405187.43
10012876,TRAFO 1F 37.5KVA H 15KV 254/127V OVI,PEÇ,267457.60
10012877,TRAFO 1F 10KVA K 36.2KV 254/127V OVI,PEÇ,9570.89
10012878,TRAFO 1F 15KVA K 36.2KV 254/127V OVI,PEÇ,11485.08
10012879,TRAFO 1F 25KVA K 36.2KV 254/127V OVI,PEÇ,10492.53
10012880,TRAFO 3F 15KVA M 15KV 220/127V OVI,PEÇ,24004.86
10012881,TRAFO 3F 30KVA M 15KV 220/127V OVI,PEÇ,827171.60
10012882,TRAFO 3F 45KVA M 15KV 220/127V OVI,PEÇ,338872.93
10012883,TRAFO 3F 75KVA M 15KV 220/127V OVI,PEÇ,163401.84
10012885,TRAFO 3F 150KVA M 15KV 220/127V OVI,PEÇ,80361.85
10012890,TRAFO 3F 45KVA N 15KV 380/220V OVI,PEÇ,16844.75
10012922,TRAFO COR 34.5kV 10/20/5A 0.3C25 INT KB,PEÇ,15880.13
10012944,MODULO CORTE RELIGA BTZERO,PEÇ,131197.58
10012945,ROTEADOR OPTICO FIBERMESH,UN,46349.92
11000073,ARMADURA PREFORM AL CAA 795.00MCM,JG,1200.46
11000140,MEDIDOR ELETRN MULTIFUNCAO MEM 15A 4F 3E,PEÇ,504.83
11000923,CJ MED 13.8 KV 3XTP/TC 200/5A 0.3C20 EX,PEÇ,8960.93
11002343,PARA RAIOS EST 60KV 10KA ZNO POL,PEÇ,17257.40
11002364,CHAVE SEC 3F INTERRUP EM CARGA 15KV 630A,PEÇ,39093.79
11002381,ISOLADOR SUSPENSO POLIM 36.2KV,PEÇ,30216.99
11002386,AMORTECEDOR VIBRACAO CAA HAWK,PEÇ,3596.54
11002387,AMORTECEDOR VIBRACAO CAA DOVE,PEÇ,48179.58
11002397,ESTRUTURA SUPORTE AÇO BANCO CAPACITOR,PEÇ,5677.46
11002440,VIGA MET U 5000X203.2X50.8X6.35MM REG.T,PEÇ,6453.57
11002491,CHAVE BY PASS 15KV 400A 95KV 12.5KA,PEÇ,10353.04
11002495,AMORTECEDOR VIBRACAO CAA LINNET,PEÇ,41928.00
11002522,CAPACITOR POT MONO 200KVAR 6600V 95KV,PEÇ,11667.88
11002551,PARA RAIOS EST 30KV 10KA ZNO T.2 FUROS,PEÇ,3505.26
11002609,TP 138 KV 700/1200:1 0.3P200 2EN EXT,PEÇ,94708.74
11002641,TC 138KV 100~600/5A 0.3C50-10B400 EXT,PEÇ,112102.14
11002697,PARA RAIOS EST 120KV 10KA ZNO 4N POL,PEÇ,30047.30
11002793,RELIGADOR AUT 3F 15KV 560A 16KA SF6,PEÇ,185449.54
11002805,CHAVE SEC TRIP 72.5KV 800A AC-MOT-125VCC,PEÇ,147404.98
11002811,CONCENTRADOR DIF.ÓPTICO CDO-10-ST-A12,PEÇ,5201.67
11002890,TRAFO POTL 34.5KV  0.3P75 500VA 1ENR EXT,PEÇ,3132.18
11002911,ISOLADOR SUSP COMP POLIM 69KV CB 27 ALET,PEÇ,35226.68
11002932,ISOLADOR SUSP COMP POLIM 69KV CB 25 ALET,PEÇ,9028.61
11002933,ISOLADOR PILAR POR 69KV PL14883F-45 SANT,PEÇ,18763.85
11003168,SECIONADOR TRIP 15KV 630A AL MOTOR DIR,PEÇ,37769.59
11003177,RELE BLOQ MAN 125VCC 30A 8CONT REVERSIV.,PEÇ,42827.26
11003203,RELÉ SOBRECORRENTE 351A SEL-2812MR,PEÇ,47695.52
11003223,REL DIFERENCIAL 2ENR 387A SEL-2812MR,PEÇ,25303.11
11003291,CABO POT CU CL2 1X500MMý 8.7/15KV PT,M,31134.75
11003415,CJ MED BT 0.6 KV 200~600/5A 0.3C50 EXT,PEÇ,112028.28
11003625,RELE DISTANCIA MICROPROC TP SEL-2812MR,PEÇ,216234.50
11003643,CAIXA LIGAÇÃO TP CL1 DES PT.SD.03.0282,PEÇ,24904.54
11003644,POSTE AC1010 CONICO ILUM 2.2M,PEÇ,11742.00
11003764,SECIONADOR TRIP72.5KV 800A AL-MOT-125VCC,PEÇ,0.01
11003765,SECIONADOR TRIP.72.5KV 800A AL-MAN-V-ES,PEÇ,140663.73
11003766,SECIONADOR TRIP 72.5KV 800A AL-MAN-H-C S,PEÇ,140663.73
11003772,CHAVE SEC TRIP 15KV 2500A AV-MOT-125VCC,PEÇ,53817.24
11003813,MALHA ATERR RETICULADA 25x25cm FIO 16mm2,PEÇ,5500.00
11003814,BARRA ATERR C/FURO LISO 9.52x76.2x420mm,PEÇ,352.00
11003884,ELETRODUTO FLEX PEAD PT 6,M,3365.78
11003890,BRAÇADEIRA  FIXAÇÃO CABOS EM CRUZETA 58,PEÇ,1155.40
11003916,CHUMBADOR AÇO ROSCA. INTERNA. GALV. Ø 5/,PEÇ,2354.14
11003918,PARAFUSO CAB SE BRON 16X50MM M TAR P,PEÇ,974.28
11003919,ELO OLHAL 90°. RERÊNCIA: FORJASUL F1354,PEÇ,2131.27
11003981,CONECTOR D T AL 1.1/2POL E CHAPA 2N,PEÇ,64.08
11003982,CONECTOR D T AL 3 POL E CHAPA 4N,PEÇ,6370.56
11003985,'TUBO AÇO GALV DN 2'' ROSCA BSP BARRA 6M,PEÇ,2099.04
11003992,'CURVA AÇO GALV  90° DN 3'' ROSCA  BSP,PEÇ,347.74
11003993,"BRAÇADEIRA TIPO D AÇO CARB DN 3""",PEÇ,10.97
11004043,CONEC ELETR TUBO AÇO E CABO CU GAR 2029,PEÇ,290.93
11004085,ELO-BOLA PROLONGADOR AÇO 13500DAN,PEÇ,1757.03
11004093,"FITA DE AMARRACAO ACO INOX 3/4"" X 10",PEÇ,1099.05
11004097,"CONECTOR P/HASTE ATERR LT FORJ 5/8""",PEÇ,9.08
11004100,BRACADEIRA AJUSTE P/POSTE BAP 3,PEÇ,771.36
11004101,"ALCA PREF. P/CORDOALHA 3/16""",PEÇ,147.12
11004104,ESPACADOR PLASTICO 12MM,PEÇ,763.10
11004105,PRENSA FIO ESPINAR AL P/ CABO 3/16,PEÇ,5697.95
11004106,BRACO DE EXT REGUL FE C/ISOLADOR 72X72,PEÇ,1691.63
11004107,ARAME DE ESPINAR ACO INOX ROL 230M,PEÇ,2800.01
11004161,BRAÇADEIRA UNHA AÇO P/ CABO ATÉ 12MM.,PEÇ,134.30
11004234,SECIONADOR TRIP 72.5KV 800A AL-MOT-H-CEN,PEÇ,23252.25
11004244,REL SOBRECORRENTE 451 SEL-2812MR,PEÇ,22922.69
11004245,ESFERA SINALIZAÇÃO DIURNA 3/8 HS CORDA,PEÇ,792.03
11004262,SENSOR DE TEMPERATURA PT100 4 FIOS 2 kV,PEÇ,388.16
11004266,CONTROLADOR AUT. 241101A3A3A3A2X1030 SEL,PEÇ,123687.83
11004273,CONECTOR D T AL 1.1/2POL E CHAPA 4N,PEÇ,2803.10
11004544,CHAVE SEC TRIP 145KV 1250A DA-MOT-125VC,PEÇ,94994.32
11004671,RETIFICADOR 3F 220VCA 125VCC 50A C/DIODO,PEÇ,81545.10
11004703,CONTROLADOR AUT 241101A3A3A2X5X1030 SEL,PEÇ,47930.68
11004732,ESCADA MET P/POSTE CONCR S/C MODULO M2,PEÇ,7182.00
11004733,ESCADA MET P/POSTE CONCR S/C MODULO M3,PEÇ,1948.80
11004734,ESCADA MET P/POSTE CONCR S/C MODULO M4,PEÇ,2534.22
11004751,ANTENA VHF VEICULAR,PEÇ,1800.00
11005056,EMENDA CONTRATIL 8.7/15KV 500MM,PEÇ,4062.03
11005696,CRUZETA RESERVA TECNICA CABO OPGW AC1020,PEÇ,1629.23
11005697,CAIXA EMENDA CABO OPGW 36FIBRA 3C-8443,PEÇ,1308.84
11005698,AMORTECEDOR VIBRAÇÃO CABO OPGW 14.4mm,PEÇ,18289.17
11005747,GRAMPO ANC FIBERLING OPGW 14.27a14.44mm,PEÇ,13457.75
11005748,GRAMPO SUSP FIBERLING OPGW 14.36a14.55mm,PEÇ,14805.62
11005749,CABO OPGW 14.44mm 12 FIBRAS ÓPTICAS,M,46311.17
11005775,ANTENA CELULAR EXT 900MHZ 7DBI,PEÇ,2793.53
11005892,CONJUNTO VEDAÇÃO RAPARO DE CABOS/EMENDAS,PEÇ,12378.39
11006165,CHAVE SEC 1P FC 15KV 1000A,PEÇ,0.06
11006205,CHAVE FUS EST 69KV 200A 350KV 2.5KA,PEÇ,97.56
11006511,RS2000 CONVERSOR OPTICO RS232,PEÇ,1887.04
11006512,MÓDULO RS2000 INTERFACE MULTIFUNÇÃO(2TX),PEÇ,1044.70
11006513,CABO COMUN SERVSWITCH FTP 0.5M,PEÇ,4150.91
11006931,TP 11.5KV 60:100:1 0.3P200 1EN EX 500VA,PEÇ,5832.68
11007115,UNIDADE REMOTA COMUNICAÇAO-URC-TAD-E,PEÇ,9243.09
11007149,CABO COM SERIAL RS232-DB9FXCSE 1.5M,PEÇ,1262.33
11007395,DISPLAY REMOTO LITE BLUETHOOTH-SU RS2000,PEÇ,35033.74
11007396,MODULO RS2000 B-FIBER,PEÇ,11665.98
11007421,CONVERSOR RS2000 SU/POF,PEÇ,11495.28
11007695,RELE SUPERVISOR DISJUNTOR TREETECH CBS,PEÇ,3400.00
11007723,TRAFO COR 15KV EXT 400~1000-5-5A,PEÇ,2630.99
11007733,RESISTOR FIO AJUST 8~16 OHM 10% 500W,PEÇ,1105.81
11007812,GABINETE RS2000 MULTI LITE,PEÇ,2174.27
11007813,PLACA RS2000 ETHERNET MULTI LITE,PEÇ,12149.84
11007852,"ARRUELA ELETRODUTO RD AL 2"" BSP",PEÇ,954.61
11008001,CABO RS2000 SERIAL FLAT DB9 FXF,PEÇ,301.16
11008071,CHAVE SEC MAN 1P 34.5KV 800A MH AV S/L,PEÇ,0.03
11008491,GRAMPO GUIA DESCIDA CABO OPGW,PEÇ,1058.00
11008493,CONJUNTO CORDOALHA ATERRAMENTO CABO 4/0,CJ,1050.00
11008541,ABRIGO METEOROLÓGICO MEDIÇÃO TEMPERATURA,PEÇ,2413.26
30000193,CONEC PARAF  FEND BZ 2/0AWGx6-2/0AWG,PEÇ,108.57
30000198,"CAIXA DERIV ALUMINIO RET SIMP LR 2 """,PEÇ,292.72
30000243,ELO FUSIVEL DISTRIBUICO K 6A,PEÇ,1500.62
30000244,ELO FUSIVEL DISTRIBUICO K 8A,PEÇ,888.60
30000245,ELO FUSIVEL DISTRIBUICO K 10A,PEÇ,1661.95
30000246,ELO FUSIVEL DISTRIBUICO K 15A,PEÇ,12343.76
30000247,ELO FUSIVEL DISTRIBUICO K 20A,PEÇ,955.53
30000249,ELO FUSIVEL DISTRIBUICO K 25A,PEÇ,7911.80
30000251,ELO FUSIVEL DISTRIBUICO K 30A,PEÇ,6924.59
30000252,ELO FUSIVEL DISTRIBUICO K 40A,PEÇ,2546.46
30000253,ELO FUSIVEL DISTRIBUICO K 50A,PEÇ,4612.11
30000257,ELO FUSIVEL DISTRIBUICO H 5A,PEÇ,7196.12
30000258,ELO FUSIVEL DISTRIBUICO K 12A,PEÇ,5651.36
30000259,ELO FUSIVEL DISTRIBUICO H 3A,PEÇ,7070.76
30000261,ELO FUSIVEL DISTRIBUICO H 2A,PEÇ,4133.36
30000275,CHUMBADOR EXPANS S/PARAF 19.7 X 50mm M12,PEÇ,773.90
30000385,PARAFUSO PRISIONEIRO M12X1.75 COMP 100MM,PEÇ,2213.72
30000388,PARAFUSO CAB SEX M12x45mm 2AR POR BRONZE,PEÇ,3015.56
30000408,BUCHA FIXAÇÃO NYLON TIPO S-6,PEÇ,118.36
30000761,MACACAO PROT CONTRA ABELHAS TAM M,PEÇ,661.06
30000763,MACACAO PROT CONTRA ABELHAS TAM G,PEÇ,2161.51
30000771,BOLSA P/ LUVA E MANGA ISOL,PEÇ,1042.92
30000924,PROTETOR AURICULAR TIPO CONCHA,PEÇ,338.60
30000926,PROTETOR AURICULAR TIPO PLUG,PAR,191.84
30000990,PINO DE TOPO ACO CARB 15 KV 389 MM,PEÇ,12483.87
30001098,PORTA FUSIVEL C 15.0KV 100A 10KA,PEÇ,78689.32
30001112,FITA ISOLANTE ADESIVA,ROL,13150.59
30001290,MANGA ISOL BORR TIPO II CL2 TAM G LJ,PAR,3112.15
30001291,MANGA ISOL BORR TIPO II CL2 TAM M LJ,PAR,7172.88
30001320,LACO LATERAL PARA COND. AL. 4 AWG,PEÇ,226.82
30001321,LACO LATERAL DP COND. AL. 410MM 4AWG,PEÇ,104.52
30001433,LUVA BORR NITRILICA TAM9.5,PAR,20.83
30001434,BANDEIROLA SINALIZACAO C/ CABO,PEÇ,40.65
30001435,BANDEIROLA SINALIZACAO S/ CABO,PEÇ,256.67
30001454,LUVA COBERTURA LUVA ISOL N9.5,PAR,255.36
30001455,LUVA COBERTURA LUVA ISOL N10,PAR,693.12
30001456,LUVA COBERTURA LUVA ISOL N10.5,PAR,54.72
30001969,"Cordoalha ACO 3/16"" 7 FIOS",PEÇ,8951.14
30002004,LUVA COBERTURA LUVA ISOL N10.5 CL4,PAR,164.16
30002214,BOTINA SEG ELETRICISTA N37,PAR,507.63
30002215,BOTINA SEG ELETRICISTA N38,PAR,3128.24
30002216,BOTINA SEG ELETRICISTA N39,PAR,3171.80
30002217,BOTINA SEG ELETRICISTA N40,PAR,8980.06
30002218,BOTINA SEG ELETRICISTA N41,PAR,5590.91
30002219,BOTINA SEG ELETRICISTA N42,PAR,3982.58
30002220,BOTINA SEG ELETRICISTA N43,PAR,4498.99
30002221,BOTINA SEG ELETRICISTA N44,PAR,588.90
30002222,BOTINA SEG ELETRICISTA N45,PAR,368.06
30002243,PERNEIRA SEG MAT SINTETICO,PAR,93.55
30002475,TALABARTE POSIC 2M GIRO CORDA ULTRA SAFE,PEÇ,1274.45
30002484,TRAVA QUEDAS LEAL,PEÇ,5632.19
30002485,FREIO DESCENSOR EDDY AUTOBLOCANTE,PEÇ,400.00
30002486,MOSQUETAO MET 25KN,PEÇ,1122.00
30002616,CARNEIRA C/ JUGULAR FAZ TRAC P/ CAPACETE,PEÇ,182.86
30002628,CAPACETE SEG ABA FRONTAL BR,PEÇ,1204.55
30002655,LUVA ISOL BORR TIPO II CL4 TAM9.5,PAR,12700.12
30002656,LUVA ISOL BORR TIPO II CL4 TAM10,PAR,21323.51
30002833,LUVA BORR NITRILICA TAM10,PAR,15.81
30002834,LUVA BORR NITRILICA TAM10.5,PAR,14.41
30002908,CONJUNTO IMPERMEAVEL P/ CHUVA TAM P,CJ,759.75
30002909,CONJUNTO IMPERMEAVEL P/ CHUVA TAM M,PEÇ,5320.00
30002910,CONJUNTO IMPERMEAVEL P/ CHUVA TAM G,PEÇ,3990.00
30002911,CONJUNTO IMPERMEAVEL P/ CHUVA TAM GG,PEÇ,2850.00
30002963,MACACAO PROT CONTRA AGENTE QUIM TAM M,PEÇ,333.00
30002964,MACACAO PROT CONTRA AGENTE QUIM TAM G,PEÇ,333.00
30002966,MACACAO PROT CONTRA AGENTE QUIM TAM XG,PEÇ,333.00
30003014,TALABARTE DUPLO Y LEAL,PEÇ,320.00
30003023,PROTETOR SOLAR FPS 60 120G,PEÇ,8190.11
30003039,KIT PROTETOR FACIAL,CJ,3179.82
30003041,BOLSA PARA CAPACETE C/ VISEIRA,PEÇ,628.51
30003042,LANTERNA DE CAPACETE LED,PEÇ,902.88
30003053,LENTE PROTETOR FACIAL VD,PEÇ,4447.95
30003115,FITA REFLET SINALIZ CANTEIRO C CARRETILH,PEÇ,363.39
30003223,CAMISA OPER ANTI-CHAMA TAM P,PEÇ,10386.81
30003225,CALCA OPER ANTI-CHAMA TAM P,PEÇ,4812.51
30003232,CINTO NYLON P/ CALCA,PEÇ,185.60
30003303,DISJUNTOR MONOPOLAR 32A BT,PEÇ,12229.89
30003308,DISJUNTOR BIPOLAR 40A BT,PEÇ,246.49
30003311,DISJUNTOR BT TERMOM BIP 50A 220/380VCA,PEÇ,3239.26
30003312,DISJUNTOR BT TERMOM BIP 70A 220/380VCA,PEÇ,492.48
30003313,DISJUNTOR BT TERMOM MONO 10A 120/240V,PEÇ,4011.28
30003314,DISJUNTOR MONOPOLAR 50A BT,PEÇ,19666.78
30003326,CAVALOTE ACO 19X131X106MM 160KN F-1240,PEÇ,4153.50
30003327,SUPORTE CHAVE SEC 1P INCLINADA ACO,PEÇ,2536.14
30003329,SUPORTE T ACO 540X10MM,PEÇ,7395.60
30003331,SUPORTE INSTAL EQUIP TIPO I DIAM 240MM,PEÇ,15130.35
30003332,KIT CONEXO REDE PROT CA 185MM2 444754-2,PEÇ,3986.39
30003333,CINTA POSTE CIRCULAR B-14 AC 140MM,PEÇ,4736.94
30003335,AFASTADOR ARMACAO SEC 500X700MM ACO,PEÇ,7622.29
30003337,HASTE ANCORA ACO 20MM 2400MM 7800DAN,PEÇ,8869.63
30003339,HASTE ATERR ACO CANTON 25X25X5X2000MM,PEÇ,106256.26
30003340,MANILHA ACO 16X75X22MM 120KN F-1201,PEÇ,21744.56
30003341,MAO FRANCESA PERF DUPL V ACO 45X45X5MM,PEÇ,14568.61
30003342,MO FRANCESA PLANA AL 32X6X726MM,PEÇ,31.18
30003346,CINTA POSTE CIRCULAR 510MM ACO,PEÇ,1126.54
30003347,PINO ISOL ACO CRUZ MET 46KV 20X35X295MM,PEÇ,3579.87
30003348,SUPORTE L ACO PERFIL U   ETPR-T-A4-,PEÇ,16267.26
30003352,ESPACADOR REDE COMP LOSANG 50 e 185MM2,PEÇ,3187.61
30003353,CINTA REGULAVEL CIRCULAR TIPO BAP-3 ACO,PEÇ,598.00
30003354,SUPORTE L ACO 2 FUROS,PEÇ,1722.04
30003360,EMENDA PREF TOTAL CAA 266.8MCM AMAR,PEÇ,1098.75
30003362,EMENDA PREF TOTAL CAA 4/0AWG VERM,PEÇ,2263.80
30003363,EMENDA PREF TOTAL CAA 4AWG LARANJA,PEÇ,283.69
30003364,LACO PR#F TOPO CAA 336.4MCM DIAM 60mm,PEÇ,10.51
30003366,SECCIONADOR PREF CERCA 2.6-3mm,PEÇ,687.92
30003367,ALCA PREF CABO COBERTO CA 50MM2 -15kV,PEÇ,9850.29
30003371,ALÇA PREF ESTAI ACO 7.9MM PRETO GDE-1106,PEÇ,118.86
30003382,ALCA PREF SERVICO 16 MM,PEÇ,15399.27
30003386,EMENDA PREF TOTAL CAA 556.5MCM VERDE,PEÇ,9655.79
30003390,LACO ROLDANA P/CABO ACO 3x2.25mm 45mm,PEÇ,2654.87
30003392,ARMADURA PREF CAB AL CA 336.4MCM AR-0128,PEÇ,51205.82
30003394,ALCA PREF DIST CA CAA 2/0AWG,PEÇ,5364.34
30003395,CAPA ISOL 15KV CONEC CUNNHA VERMEL,PEÇ,15812.80
30003396,CAPA ISOL 15KV CONEC CUNNHA AZUL,PEÇ,20536.62
30003406,CONECTOR D AL COMP CACU4/0 CACU14AWG,PEÇ,157.84
30003410,TERMINAL ESPADA AL 6-266MCM 2N 602089-0,PEÇ,794.64
30003411,CONECTOR D P FEND CU 4-6 MM S/ESP,PEÇ,2308.97
30003413,CONECTOR D P FEND CU 8-6 AWG S/ESP,PEÇ,38973.31
30003414,CONECTOR D P FEND CU 10-70MM C/ESP,PEÇ,1883.95
30003416,CONECTOR D P FEND CU 4-50MM C/ESP,PEÇ,911.98
30003418,CONECTOR TERM C BIM CACAA4AWG CU25MMIT1,PEÇ,45.26
30003419,CONECTOR AD T AL CA600-900 CAA477-795 2N,PEÇ,64.00
30003420,CONECTOR AD T90õ AL CA336 CAA4/0-336 2F,PEÇ,810.30
30003422,CONECTOR TERM C BIM CA336-185MM 2N IT6,PEÇ,19.44
30003423,CONECTOR TERM C BIM CA CAA 2AWG 2N IT2,PEÇ,33.73
30003425,CONECTOR AD T AL 3/4POL 2NEMA,PEÇ,64.16
30003426,CONECTOR ATER BR HAS 16MM CU 16MM TH58R,PEÇ,191.09
30003428,CONECTOR CUNHA CN11,PEÇ,800.50
30003429,CONECTOR CUNHA CN15,PEÇ,907.39
30003430,CONECTOR CUNHA CN14,PEÇ,2894.63
30003431,CONECTOR CUNHA CN13,PEÇ,1414.88
30003436,CONECTOR CUNHA TIPO XI,PEÇ,2642.33
30003437,CONECTOR CUNHA RAMAL TIPO IX,PEÇ,8126.16
30003441,CONECTOR BORNE ISOL CU 1.5-4MM2 30A,PEÇ,2387.67
30003442,CONECTOR EMEN RE CU ISOL 8AWG 500V 30A,PEÇ,54.90
30003444,CONECTOR PAR CU 2X4/0AWG,PEÇ,4726.26
30003451,LUVA EMENDA COMP CA 1/0 AWG IT-06,PEÇ,388.72
30003452,LUVA EMENDA COMP CA 2 AWG IT-03,PEÇ,755.89
30003453,LUVA EMENDA COMP CA 4/0 AWG IT-08,PEÇ,1435.50
30003454,LUVA EMENDA COMP CA 4 AWG IT-02,PEÇ,216.90
30003455,LUVA EMENDA COMP CA 6 AWG IT-01,PEÇ,242.51
30003456,LUVA EMENDA COMP CAA 1/0AWG IT3,PEÇ,4827.31
30003457,LUVA EMENDA COMP CAA 2AWG IT2,PEÇ,1638.67
30003458,LUVA EMENDA COMP CAA 336.4 IT5,PEÇ,11217.32
30003459,LUVA EMENDA COMP CAA 4/0AWG IT4,PEÇ,2523.77
30003460,LUVA EMENDA COMP CAA 4AWG IT1,PEÇ,1029.57
30003461,LUVA EMENDA COMP CAL 35 MM IT-04,PEÇ,311.82
30003467,CONECTOR CUNHA CN16,PEÇ,307.44
30003469,CONECTOR D AL COMP CACU2 CAA4 CACU8AWG,PEÇ,631.37
30003470,CONECTOR D AL COMP CACUCAA 14-8 1 2/0AWG,PEÇ,1391.24
30003471,CONECTOR D T AL CA336.4MCM CA4/0AWG,PEÇ,388.36
30003472,CONECTOR D T AL CA4/0 CA4/0AWG,PEÇ,104.91
30003476,LUVA REPARACO COMP CA 4AWG IT1,PEÇ,1884.99
30003477,LUVA REPARACO COMP CA 2AWG IT2,PEÇ,414.37
30003478,LUVA REPARACO CA CAA 1/0AWG IT3,PEÇ,679.84
30003479,LUVA REPARACO CA CAA 4/0AWG IT4,PEÇ,244.55
30003480,LUVA REPARACO CA 336.4MCM IT5,PEÇ,2915.28
30003482,CURVA EL ACO 90G R LONGO 1POL BSP,PEÇ,33.39
30003483,CURVA EL PVC 90G R CURTO 1POL BSP,PEÇ,6321.39
30003484,CURVA EL PVC 90G R CURTO 3/4POL BSP,PEÇ,495.02
30003485,CURVA EL PVC 90G R LONGO 3POL BSP,PEÇ,1048.96
30003486,LUVA EL PVC RIG 1POL BSP,PEÇ,34.34
30003489,ARRUELA EL AL 1POL BSP ESTRIADA,PEÇ,18271.31
30003490,ARRUELA EL AL 3/4POL BSP ESTRIADA,PEÇ,724.29
30003491,ABRACADEIRA DUPLA ACO 3/4POL FURO 6.3MM,PEÇ,5156.00
30003493,BUCHA EL TERM AL 3/4POL BSP,PEÇ,4678.11
30003494,ENTRADA LINHA ALIM EL AL LISO 2POL,PEÇ,1262.03
30003495,ENTRADA LINHA ALIM EL PVC 3/4POL,PEÇ,19108.59
30003499,ELETRODUTO RIG PVC BSP 1POL 3M,PEÇ,34796.28
30003500,ELETRODUTO RIG PVC BSP 3/4POL 3M,PEÇ,21134.46
30003504,CAIXA PLASTICA SOBREP 1DISJ 150X68X54MM,PEÇ,8108.78
30003510,CAIXA MED MONO ANTIFURTO NORYL P-980-009,PEÇ,27563.89
30003511,CAIXA MED POLIF ANTIFURTO NORYL P980-009,PEÇ,1898.07
30003514,CAIXA DISJUNTOR NORYL MED MONOFASICO,PEÇ,17669.82
30003527,IGNITOR LAMP VS100A1000 VMET250-400W220V,PEÇ,1207.72
30003553,"CURVA TUBO PVC AGF 90õ LONGO 3/4"" BSP",PEÇ,10.74
30003554,CURVA TUBO PVC AF 90 LONGO 3 BSP,PEÇ,2235.15
30003555,NIPLE P/TUBO PVC AF 3/4POL BSP OITAVADO,PEÇ,1145.72
30003557,CRUZETA MET 3x3x3/8POLx2600mm TPPR-584,PEÇ,118353.75
30003558,CRUZETA MET ACO 5000MM,PEÇ,49664.84
30003560,PARAFUSO QUAD ACO CARB M16 X 600 MM,PEÇ,12945.86
30003562,PARAFUSO QUAD AÇO CARB M16 X 750 MM.,PEÇ,5730.97
30003563,ARRUELA PRESS AC1070 16.2X27.4X3.35MM,PEÇ,155.25
30003564,PARAFUSO A ATARR ESC FEN 3X20MM SOB T,PEÇ,744.77
30003565,PARAFUSO A ATARR ESC FEN 6X35MM SOB T,PEÇ,2474.71
30003567,PARAFUSO CAB Q ZI 16X50MM 2AR POR Q,PEÇ,37.88
30003568,PARAFUSO CAB Q ZI 20X550MM MT POR Q,PEÇ,130.83
30003570,PARAFUSO CAB SE BRON 12.7X50MM M T 2AR P,PEÇ,6529.39
30003571,PARAFUSO CAB SE ZI 12.5X38MM W T POR S,PEÇ,549.34
30003572,PARAFUSO CAB SE ZI 16X100MM M T 2AR POR,PEÇ,22.00
30003581,ARRUELA LISA QUAD ACO ZI 38X3X18MM,PEÇ,11002.71
30003583,PARAFUSO CAB AB ZI 12.7X40MM AR POR Q,PEÇ,4665.92
30003584,PARAFUSO CAB Q ZI 20X650MM M POR Q,PEÇ,370.96
30003585,PARAFUSO SEG FIX TAMPA MED M6X1.00X16MM,PEÇ,11300.12
30003586,PARAFUSO CAB AB ZI 9.5X30MM AR POR SEXT,PEÇ,119.02
30003588,FIO ACO 2.77MM (12BWG) CLASSE A,KG,2033.75
30003589,CORDOALHA ACO CARB 7.9MM 7F CL.B AR/HS,M,20322.40
30003590,SUPORTE CHAVE SEC 1P INVERTIDA ACO,PEÇ,4738.82
30003591,BORRACHA SILICONE TRANSPARENTE 50G,PEÇ,45164.15
30003593,COMPOSTO ANTI OXIDO 250G,PEÇ,495.64
30003595,CRUZETA MADEIRA EUC PRES CIRC 6800MM,PEÇ,2807.05
30003597,CRUZETA MADEIRA EUC PRES CIRC 9050MM,PEÇ,1392.16
30003600,CRUZETA MADEIRA 90X112.5X2800MM,PEÇ,4814.87
30003623,LUVA ISOL BORR TIPO II CL0 TAM10.5,PEÇ,4678.39
30003626,LUVA ISOL BORR TIPO II CL00 TAM10,PEÇ,1454.44
30003640,FITA REFLET SINALIZ CANTEIRO,PEÇ,431.56
30003665,LUVA ISOL BORR TIPO II CL0 TAM11,PEÇ,1850.28
30003667,LUVA ISOL BORR TIPO II CL0 TAM9,PEÇ,5209.06
30003673,OCULOS SEG LENTE UNICA POLICARBONATO FM,PEÇ,994.19
30003685,BOTINA SEG COTURNO ELETRICISTA N37,PEÇ,740.28
30003686,BOTINA SEG COTURNO ELETRICISTA N38,PEÇ,1381.96
30003687,BOTINA SEG COTURNO ELETRICISTA N39,PEÇ,1728.30
30003688,BOTINA SEG COTURNO ELETRICISTA N40,PEÇ,1814.27
30003689,BOTINA SEG COTURNO ELETRICISTA N41,PEÇ,2678.50
30003690,BOTINA SEG COTURNO ELETRICISTA N42,PEÇ,2331.52
30003691,BOTINA SEG COTURNO ELETRICISTA N43,PEÇ,2685.75
30003704,CARTUCHO SOLDA N 90,PEÇ,75.90
30003812,COPO DESCARTAVEL EM PLASTICO 50ML ABNT,PEÇ,562.32
30003847,DISJUNTOR BT TERMOM MONO 50A 127/220V,PEÇ,5.95
30003850,PARA RAIOS DIS BT 0.6KV 10KA 280V S/CENT,PEÇ,2502.50
30003851,ISOLADOR BAST POLI CZ 138KV C-B AP MED,PEÇ,17589.82
30003858,CONECTOR TERM C BIM CACAA1/0 CA/CU50MM3,PEÇ,897.73
30003859,CONECTOR TERM C BIM CACAA4/0 CU120MMIT5,PEÇ,420.30
30003864,CRUZETA ACO 3500 MM,PEÇ,10886.53
30003869,PARAFUSO OLHAL ZI 20X300MM M  2 POR Q,PEÇ,671.16
30003870,PARAFUSO OLHAL ZI 20X450MM M 2 POR Q,PEÇ,264.00
30003871,ARRUELA QUAD LISA 58x5mm DI 22mm ZI,PEÇ,847.29
30003878,BOLSA P/ LUVA ISOL,PEÇ,635.97
30003911,ARRUELA QUAD LISA 38x3mm DI 18mm AL,PEÇ,709.83
30003928,CURVA TUBO PVC AF 90 LONGO 2 BSP,PEÇ,3123.96
30003943,ELETRODUTO RIG PVC BSP 1/2POL 3M,PEÇ,42.21
30003945,BUCHA EL TERM AL 1 BSP,PEÇ,19316.89
30004023,TAMPAO ANTI CORONA AL 1.1/2POL,PEÇ,1458.70
30004050,LUVA REPARACO CAA 336.4MCM IT6,PEÇ,157.13
30004143,LôMPADA  FLUORESCENTE  COMPACTA  15W,PEÇ,50.78
30004144,MINI DISJUNTOR BT TERMOM BIP 10A 440VCC,PEÇ,8173.04
30004145,EMENDA COND CAA 336.4MCM-17.80 A 18.53MM,PEÇ,6987.16
30004173,CINTO SEG PARAQUEDISTA T1 LEAL,PEÇ,7675.23
30004174,CINTO SEG PARAQUEDISTA T2 LEAL,PEÇ,12641.57
30004193,CONDULETE T AL 3/4 POL BSP TAMPA,PEÇ,17.12
30004195,ABRACADEIRA TIPO COPO 1   ACO SAE 102,PEÇ,28119.17
30004493,LACO PREF TOP ALUMINIZ CA 336.4AWG 60MM,PEÇ,117.81
30004514,PLACA CIRC.IMPRESSO P/ MONT. DE 4 DIODOS,PEÇ,1640.00
30004527,HASTE ATERR ACO CANTON 76.2X76.2X3000MM,PEÇ,6583.96
30004636,CALCA OPER ANTI-CHAMA TAM EG,PEÇ,7760.20
30004637,CALCA OPER ANTI-CHAMA TAM G,PEÇ,16175.25
30004638,CALCA OPER ANTI-CHAMA TAM GG,PEÇ,12667.71
30004639,CALCA OPER ANTI-CHAMA TAM M,PEÇ,1740.02
30004650,PARAFUSO OLHAL ZI 20X500MM M 2 POR Q,PEÇ,72.81
30004676,CAMISA OPER ANTI-CHAMA FEM TAM P,PEÇ,470.80
30004693,LUVA EMENDA COMP CAA 556.5MCM IT7,PEÇ,5550.99
30004696,LUVA REP COMPRESSO CAA 556.5MCM-5403/09,PEÇ,1041.80
30004697,LUVA EMENDA COMP P/ CABO CAA EF 101.8,PEÇ,234.38
30004742,PINO POLIMRICO PARA ISOLADOR,PEÇ,15786.52
30004752,CAMISA OPER ANTI-CHAMA TAM M,PEÇ,17277.40
30004753,CAMISA OPER ANTI-CHAMA TAM G,PEÇ,22028.49
30004754,CAMISA OPER ANTI-CHAMA TAM GG,PEÇ,13904.12
30004755,CAMISA OPER ANTI-CHAMA TAM EG,PEÇ,4440.97
30004798,JAQUETA OPER ANTI-CHAMA TAM M,PEÇ,15661.16
30004799,JAQUETA OPER ANTI-CHAMA TAM G,PEÇ,18376.56
30004801,JAQUETA OPER ANTI-CHAMA TAM GG,PEÇ,12768.13
30004802,JAQUETA OPER ANTI-CHAMA TAM EG,PEÇ,3496.50
30004803,ELETRODUTO FLEX PEAD PT 2,PEÇ,86.38
30004838,JAQUETA OPER ANTI-CHAMA TAM P,PEÇ,13844.71
30004846,"ELETRODUTO A1010/1020 PESAD SC 6"" BSP",PEÇ,10448.47
30004847,CURVA ELETR ACO 90G R LONGO 6 POL BSP,PEÇ,8278.96
30004941,CAMISETA GOLA CARECA 100% ALGODAO (P),PEÇ,3267.26
30004942,CAMISETA GOLA CARECA 100% ALGODAO (M),PEÇ,1611.74
30004943,CAMISETA GOLA CARECA 100% ALGODAO (G),PEÇ,2376.02
30004944,CAMISETA GOLA CARECA 100% ALGODAO (GG),PEÇ,990.01
30004945,CAMISETA GOLA CARECA 100% ALGODAO (EGG),PEÇ,138.60
30005144,CINTO SEG PARAQUEDISTA LV CESTA AER T1,PEÇ,9528.55
30005145,CINTO SEG PARAQUEDISTA LV CESTA AER T2,PEÇ,9989.81
30005241,CONECTOR D P FEND CU KS-26 (MÁX 70MM2),PEÇ,429.83
30005405,LUVA ISOL BORR TIPO II CL2 TAM9.5,PAR,5210.20
30005406,LUVA ISOL BORR TIPO II CL2 TAM10,PAR,6658.73
30006133,CONECTOR DERIVAÇÃO TIPO KSU26,PEÇ,108.72
30006223,ESFERA SINAL DIURNA CABO CAA 556.5MCM,PEÇ,1560.57
30006255,PARAFUSO A ATARR ESC FEN 3.9X32MM SOB T,PEÇ,17363.10
30006323,CAPUZ BALACLAVA NOMEX,PEÇ,737.12
30006344,PARAFUSO A ATARR ESC FEN 4.8X32MM,PEÇ,1.73
30008356,"GRAMPO U CERCA AÇO 19x10MM (7/8x9"")",KG,5634.50
30008544,CAPACETE SEG ABA FRONTAL AZ,PEÇ,104.44
30008667,"PARAFUSO CAB SEX ZI 1/2""x1"" POR ARR",PEÇ,527.44
30008821,SUPORTE TIPO ARANHA P/ MANGA ISOL,PEÇ,1799.76
30009300,PARAFUSO CAB AÇO SEXT M16X60MM 2AR POR,UNI,27228.24
30023964,TOMADA (PADRÃO 2P+T)10A 127/250V EXT PVC,PEÇ,1393.47
30024300,TERMINAL TIPO OLHAL 4-6MM,PEÇ,132.30
30024301,TERMINAL TIPO OLHAL 1.5-2.5M,PEÇ,45.00
30024415,CABO COAXIAL RG58 50OHM FIO-CU-NU,M,11714.47
30024417,TERMINAL TUBULAR SIMPLES VERMELHO PV1510,PEÇ,3122.62
30024463,CONETOR TNC-MACHO PARA CABO RGC-58,PEÇ,1365.52
30024464,ANTENA CELULAR EXT 900MHZ 20DBI,UN,3361.49
30024465,ANTENA CELULAR EXT 900MHZ 17DBI,UN,15202.73
30024705,LUVA ISOL BORR TIPO II CL2 TAM9,PAR,5823.17
30024706,LUVA ISOL BORR TIPO II CL2 TAM10.5,PAR,6345.54
30024707,LUVA ISOL BORR TIPO II CL2 TAM11,PAR,257.02
30024914,ENTRADA LINHA ALIM EL PVC 1POL,PEÇ,13132.59
30024961,Abraçadeira de náilon 150 mm,CT,172.53
30024995,LUVA ISOL BORR TIPO I CL3 TAM9.5,PAR,11477.41
30025013,NÍPEL PVC RÍGIDO 1POLx81mm MACHO-MACHO,PEÇ,3622.48
30025024,"PARAFUSO CAB FENDA LATÃO BSW 3/16""x1""",PEÇ,647.27
30025025,CONECTOR AD T CU 2.1-8.4MM2 1FURO QA8C-B,PEÇ,264.28
30025125,CORDOALHA COBREADA 40% 16mm² 7F CL A,KG,25046.39
30025200,DISPOSITIVO PORTA FUSÍVEL 15KV 100A GLV,PEÇ,10229.20
30025262,PARAFUSO SEG FIX TAMPA MED M6x1x15.8MM,PEÇ,3420.04
30025340,"PRENSA CABO NYLON D17.5-20MM 3/4"" CINZA",PEÇ,719.23
30025396,CAMISA OPER ANTI-CHAMA FEM TAM G,PEÇ,706.20
30025397,CAMISA OPER ANTI-CHAMA FEM TAM GG,PEÇ,353.10
30025398,CAMISA OPER ANTI-CHAMA FEM TAM M,PEÇ,706.20
30025436,LUVA MALHA PIGMENTADA TAM10,PAR,3.93
30025442,PRESILHA ALCA P/ MANGA ISOL,PAR,327.84
30025450,LENTE PROTETOR FACIAL INC,PEÇ,231.52
30025451,BUCHA FIXAÇÃO NYLON TIPO S-08,PEÇ,9.60
30025496,LUVA SEG SUEDINE TAM10,PAR,46.11
30025595,CAMISETA GOLA CARECA CINZA GG,PEÇ,340.20
30025621,TOMADA TRIF 3P PROV T 32A 220VCA,PEÇ,404.60
30025657,"CONECTOR EL FLEX LATÃO 3"" BSP M-GR",PEÇ,3334.38
30025658,"CONECTOR EL FLEX LATÃO 3"" BSP F-GR",PEÇ,624.47
30025659,"CONECTOR FIX RT LT 3"" F BSP",PEÇ,1871.72
30025695,"ELETRODUTO FLEXIVEL ESP AC 3""",M,1010.80
30025728,LUVA ISOL BORR TIPO I CL2 TAM8.5,PAR,4970.31
30025729,LUVA ISOL BORR TIPO I CL2 TAM9,PAR,9940.62
30025730,LUVA ISOL BORR TIPO I CL2 TAM9.5,PAR,9940.62
30025731,LUVA ISOL BORR TIPO I CL2 TAM10,PAR,11928.75
30025732,LUVA ISOL BORR TIPO I CL2 TAM10.5,PAR,13905.92
30025733,LUVA ISOL BORR TIPO I CL2 TAM11,PAR,6932.19
30025805,"CONECTOR EL FLEX LATÃO 2"" BSP F-FX",PEÇ,411.51
30025806,"CONECTOR EL FLEX LATÃO 2"" BSP F-GR",PEÇ,365.60
30025807,"CONECTOR EL FLEX LATÃO 2"" BSP M-GR",PEÇ,628.56
30025874,"CONECTOR FIX RT LT 3"" M BSP",PEÇ,597.15
30025907,FREIO ABS ALUMINIO,PEÇ,11135.32
30025944,DISJUNTOR BIPOLAR TERMOMAGNETICO 16A,PEÇ,170.00
30025945,TALABARTE FITA TUBULAR,PEÇ,2034.91
30025958,MINI DISJUNTOR BIPOLAR 10A BT,PEÇ,111.00
30026007,CALCA OPER ANTI-CHAMA TAM EGG,PEÇ,2337.03
30026037,CALCA OPER ANTI-CHAMA TAM EGGG,PEÇ,994.88
30026038,CAMISA OPER ANTI-CHAMA TAM EGG,PEÇ,886.89
30026315,RELE BIESTAVEL BF3-125VCC,PEÇ,15553.22
30026322,"BUCHA REDUÇÃO PVC ROSCAVEL 2""X1.1/2""",PEÇ,228.00
30026376,SOQUETE PORCELANA E40 1464B LORENZETTI,PEÇ,532.00
30026377,PRENSA CABO TERMO-PLÁSTIC D13-16MM CINZA,PEÇ,37.18
30026378,CONECTOR BORNE ISOL CU 16MM2 30A 600V,PEÇ,81.25
30026379,CAIXA CEGA C/TAMPA TERMOPLÁ 154x110x70mm,PEÇ,286.51
30026380,CAPACITOR SURTO POL MET 630V 0.47MICRO-F,PEÇ,196.07
30026381,CAIXA LIGAÇÃO C/TAMPA ALUMINIO TIPO X,PEÇ,264.63
30026383,PARAFUSO CAB AÇO SEXT 12X30MM 2AR POR,PEÇ,373.49
30026384,PARAFUSO CAB AÇO SEXT 12X40MM 2AR POR,PEÇ,229.53
30026385,PARAFUSO CAB AÇO SEXT M16X85MM 2AR POR,PEÇ,2106.57
30026386,PARAFUSO CAB AÇO QUAD M16X250MM 2AR POR,PEÇ,393.55
30026387,PARAFUSO CAB AÇO FENDA M3X30MM SOBERBA,PEÇ,20.24
30026388,BUCHA FIXAÇÃO NYLON TIPO S-4,PEÇ,15.95
30026455,VOLTIMETRO IND 0-80KV 96x96mm,PEÇ,576.60
30026456,BASE PARA RELE BF3 MONTAGEM TRILHO DIN,PEÇ,2906.02
30026494,BATERIA SELADA 12V 12AH,PEÇ,542.52
30026657,CAIXA PLASTICA SOBREP 2DISJ,PEÇ,772.62
30026658,PLAFON PLASTICO BRANC E27 100W,PEÇ,668.35
30026659,"CAIXA PAS PRED SOB TPLAS 2X4""",PEÇ,517.60
30026660,INTERRUPTOR TRIPLO SIMPLES 10A/250V,PEÇ,1226.00
30026661,"CAIXA PAS PRED EMB TPLAS 4X4""",PEÇ,461.78
30026662,ELETRODUTO FLEX PVC AM S/ROSCA 16MM,M,2269.79
30026673,"ABRACADEIRA C/TRAVA 1/2"" PVC BR",PEÇ,1474.52
30026946,LUVA ISOL BORR TIPO II CL0 TAM8.5,PEÇ,943.20
30026947,LUVA ISOL BORR TIPO II CL0 TAM9.5,PEÇ,4630.27
30026948,LUVA ISOL BORR TIPO II CL0 TAM10,PEÇ,6969.94
30026955,LUVA ISOL BORR TIPO II CL4 TAM9,PEÇ,2837.78
30026956,LUVA ISOL BORR TIPO II CL4 TAM11,PEÇ,1495.43
30026967,CONECTOR SINDAL 812,UN,214.12
30027170,CAMISETA MALHA ANTI-CHAMA LV MT TAM P,PEÇ,6119.69
30027171,CAMISETA MALHA ANTI-CHAMA LV MT TAM M,PEÇ,6447.31
30027172,CAMISETA MALHA ANTI-CHAMA LV MT TAM G,PEÇ,5060.25
30027183,CAMISETA MALHA ANTI-CHAMA LV MT TAM GG,PEÇ,6437.90
30027184,CAMISETA MALHA ANTI-CHAMA LV MT TAM XG,PEÇ,1428.31
30027248,CAIXA DISJ SOBR 135X185X100MM 1DIN,PEÇ,845.88
30027249,DISJUNTOR TERM 2P 32A 440V,PEÇ,1539.38
30027251,DISJUNTOR TERM 1P 10A 440V,PEÇ,914.24
30027252,DISJUNTOR TERM 2P 32A 440V,PEÇ,470.33
30027479,"ELETRODUTO CORRUGADO PEAD PT 4""",M,420.29
30027495,"CONECTOR EL FLEX LATÃO 1.1/2"" BSP M-GR",PEÇ,2659.37
30027499,"ELETRODUTO FLEXIVEL ESP AC 1.1/2"" S/C",M,1692.36
30027584,PARAFUSO CAB SEXT AÇO INOX M8X70MM,PEÇ,3264.45
30027779,"ABRAÇADEIRA TIPO COPO 2"" AÇO SAE 1020",PEÇ,886.40
30027865,TALABARTE POSIC 2M CORDA LEAL,PEÇ,7405.46
30027866,TALABARTE POSIC 3M CORDA LEAL,PEÇ,999.62
30027869,TALABARTE POSIC 3M FITA ULTRA SAFE,PEÇ,223.79
30027870,TRAVA QUEDAS ULTRA SAFE,PEÇ,1574.72
30027899,MODULO CPU MEDIDOR ELSTER,PEÇ,4920.67
30027900,RADIO DIGITAL RF MEDIDOR ELSTER,PEÇ,8017.23
30027916,PROTETOR NUCA PESCOCO ORELHAS,PEÇ,3199.72
30028024,LUVA ISOL BORR TIPO I CL1 TAM9,PAR,5378.80
30028025,LUVA ISOL BORR TIPO I CL1 TAM10,PAR,7684.00
30028026,LUVA ISOL BORR TIPO I CL1 TAM11,PAR,5378.80
30028063,OCULOS SEG LENTE UNICA POLICARBONATO INC,PEÇ,801.45
30028072,LUVA POLIAMIDA BANHO NITRILICO N9,PAR,37.21
30028168,TALABARTE P/ CINTO LV CESTA AER,PEÇ,1745.33
30028193,CAIXA DISJUNTOR NORYL MEDIDOR POLIFÁSICO,PEÇ,213.56
30028194,PROTETOR CRUZETA POLIM CONTRA PÁSSAROS,PEÇ,210.65
30028211,"NÍPEL PVC RÍGIDO 3"" MACHO-MACHO",PEÇ,75.56
30028244,CONECTOR AD T BR CU70MM2 1F 8.5MM,PEÇ,173.25
30028321,ANTENA CELULAR 3G 17DB/18DB,PEÇ,8663.69
30028333,CABO COBRE BLINDADO 0.6/1kV 3x1.50mm²,M,869.87
30028386,ALÇA PREF SERVIÇO CABO ISOLADO 10/16MM²,PEÇ,5406.10
30028387,ALÇA PREF SERVIÇO CABO ISOLADO 25MM² LJ,PEÇ,345.50
30028388,ALÇA PREF SERVIÇO CABO ISOLADO 35MM² VM,PEÇ,4230.46
30028389,ALÇA PREF SERVIÇO CABO ISOLADO 70MM² PT,PEÇ,70667.14
30028563,CONECTOR ATER CU CORD TUB 32MM,PEÇ,109.76
30028565,LUVA COMPRESSAO AL 70MM² COMP 234MM,PEÇ,1702.74
30028579,CONECTOR 4 DERIVACOES,PEÇ,7740.17
30028581,CONECTOR TERM ESTRANGUL TIPO 1 1FURO,PEÇ,8309.95
30028603,CABO RS2000 ÓPTICO CALIBRÁVEL RS232 ABNT,PEÇ,7778.08
30028604,CALIBRADOR RS2000 OTRD,PEÇ,8003.58
30028606,LAMPADA DE LED E27 12W 100/140VCC,PEÇ,149.16
30028607,CONECTOR EMENDA COTOVELO 45º AL 1.1/2P,PEÇ,1972.14
30028608,ADAPTADOR PORC SOQ E40 X E27,PEÇ,139.23
30028722,SECAO 7 - VARA DE MANOBRA TELESCOPICA,PEÇ,452.80
30028755,TERMINAL COMPRESSÃO BI METALI 70mm² PINO,PEÇ,6248.09
30028756,TERMINAL COMPRESSÃO BI METALI 50mm² PINO,PEÇ,423.41
30028757,TERMINAL COMPRESSÃO BI METALI 35mm² PINO,PEÇ,310.70
30028758,TERMINAL COMPRESSÃO BI METALI 70.00mm²1F,PEÇ,363.83
30028759,TERMINAL COMPRESSÃO BI METALI 50.00mm²1F,PEÇ,239.96
30028760,TERMINAL COMPRESSÃO BI METALI 35.00mm²1F,PEÇ,136.29
30028761,CAIXA DERIVAÇÃO 600 x 400 x 250mm,PEÇ,3381.12
30028762,PROTETOR DE EMENDA ANTI-FURTO,PEÇ,112130.26
30028770,RELÉ AUX. DISPARO RÁPIDO 125VCC 4 CONT.,PEÇ,3741.29
30028773,PROTETOR DE CABO DE BT,PEÇ,185762.73
30028775,MANTA ASFÁLTICA,PEÇ,140300.00
30028803,FIBRA ÓTICA 2FO. TERM ST-PC 62/125um 10m,UN,3786.04
30028804,FIBRA ÓTICA 2FO. TERM ST-PC 62/125um 15m,UN,6623.63
30028805,FIBRA ÓTICA 2FO. TERM ST-PC 62/125um 20m,UN,1037.31
30028812,FIBRA ÓTICA 4FO. TERM ST-PC 62/125um 55m,UN,607.04
30028813,FIBRA ÓTICA 4FO. TERM ST-PC 62/125um 60m,UN,629.74
30028815,FIBRA ÓTICA 4FO. TERM ST-PC 62/125um 70m,UN,671.57
30028851,CONDULETE X AL 1.1/2POL BSP C/ TAMPA,PEÇ,190.52
30028857,FITA ISOLANTE ADESIVA VERMELHA,PEÇ,150.00
30028858,FITA ISOLANTE ADESIVA CINZA,PEÇ,150.00
30028882,AFASTADOR METÁLICO P FIXAR CAIXA SMC,PEÇ,14436.69
30028926,PROTETOR SOLAR FPS30 C/ REPELENTE 120G,UN,1503.66
30028927,REPELENTE CONTRA INSETOS 120ML,UN,304.04
30028933,CAIXA TANQUINHO MONOFÁSICA,PEÇ,614.58
30028934,CAIXA TANQUINHO POLIFÁSICA,PEÇ,8937.88
30028955,CALCA PROT P/ MOTOSSERRISTA TAM GG,UN,220.12
30028956,CALCA PROT P/ MOTOSSERRISTA TAM G,UN,4283.86
30028957,CALCA PROT P/ MOTOSSERRISTA TAM M,UN,2030.50
30028958,CALCA PROT P/ MOTOSSERRISTA TAM P,UN,1320.74
30028960,COLETE REFLETIVO SINALIZ TAM G,UN,114.82
30028961,COLETE REFLETIVO SINALIZ TAM GG,UN,113.70
30028962,COLETE REFLETIVO SINALIZ TAM M,UN,113.92
30028963,COLETE REFLETIVO SINALIZ TAM P,UN,398.99
30028964,PLACA SINALIZ PVC P/ PEDESTRE,UN,729.14
30028965,TALABARTE DUPLO CORDA,UN,1479.90
30028975,ARMORCAST 4.5M,UNI,8214.71
30028976,MANTA DE BORRACHA,UNI,47922.11
30028984,ALCA PREF CABO COBERTO CA 70MM2 - 15KV,PEÇ,4724.11
30029013,ESFERA SINALIZ DIURNA CABO OPGW 13.4mm,PEÇ,9044.75
30029032,PLACA SIN (NAO OPERE ESTE EQUIPAMENTO),UN,42.39
30029054,PARAFUSO ESP AL MA M16X2MM 450MM,PEÇ,1089.00
30029056,PARAFUSO ESP AL MA M16X2MM 550MM,PEÇ,924.00
30029057,PARAFUSO ESP AL MA M16X2MM 600MM,PEÇ,1320.00
30029064,GRAMPO ANC FIBERLIGN OPGW 13.38a13.62mm,PEÇ,4820.29
30029153,CINTA POSTE CIRCULAR B-50 AC 500MM,PEÇ,1334.89
30029203,MOCHILA ACOND KIT TRABALHO ALTURA,PEÇ,5149.08
30029219,CONECTOR PARAF FEND D 4-25MM2 KSU-22,PC,13.86
30029274,ALCA AL PREF DIST CA 336.4 AWG,PEÇ,1940.40
30029277,ALCA AL PREF DIST CABO NU 50 MM2,PEÇ,38.75
30029279,ALCA AL PREF DIST CA CAA 1/0AWG,PEÇ,4694.03
30029280,ALCA AL PREF DIST CA CAA 2AWG,PEÇ,689.46
30029281,ALCA AL PREF DIST CA CAA 4/0AWG,PEÇ,165.47
30029282,ALCA AL PREF DIST CABO NU 35 MM2,PEÇ,62.37
30029284,ALCA AL PREF DIST CABO NU 16 MM2,PEÇ,190.87
30029286,ALCA AL PREF DIST CABO ISOL 10/16MM2,PEÇ,4934.26
30029287,ALCA AL PREF DIST CABO ISOL 25MM2,PEÇ,353.72
30029288,ALCA AL PREF DIST CABO ISOL 35MM2,PEÇ,3725.78
30029289,ALCA AL PREF DIST CABO ISOL 70MM2,PEÇ,4218.90
30029375,CABO OPTICO,PEÇ,3657.94
30029376,FONTE DE ALIMENTACAO MONOFASICA,PEÇ,2735.04
30029377,SENSOR DE PORTA,PEÇ,1757.24
30029421,SELO LACRACAO EDP POLICARBONATO AZUL,PEÇ,4830.20
30029422,SELO SEG SEMI BARR BRANCO,PEÇ,63477.70
30029433,SELO LACRACAO STC POLICARBONATO LARANJA,PEÇ,73796.02
30029457,ESFERA SIN DIUR CABO OPGW 14.1 a 16.0MM,PEÇ,20300.64
30029503,TERMINAL OLHAL 16MM,PEÇ,256.27
30029504,TERMINAL OLHAL 35MM,PEÇ,2478.01
30029505,TERMINAL OLHAL 70MM,PEÇ,1107.34
30029519,CONJ ANC FIBERLING OPGW 11.27a11.54mm,PEÇ,3029.64
30029521,CONJ SUSP FIBERLING OPGW 11.16a11.63mm,PEÇ,2482.74
30029522,CRUZETA RESERVA TECNICA CABO OPGW,PEÇ,305.62
30029526,VOLTIMETRO INDIC.SIMPLES ESCALA 0-150KV,PEÇ,250.00
30029527,DISJUNTOR MONOPOLAR 63A 5KA BT DIN,PEÇ,102.75
30029568,DISJUNTOR MONOPOLAR  06 A DIAM 35MM,UN,30.58
30029569,DISJUNTOR BIPOLAR  06A  DIAM 35MM,UN,50.82
30029570,DISJUNTOR BIPOLAR  10A DIAM 35MM,UN,23.30
30029571,DISJUNTOR BIPOLAR  20A DIAM 35MM,UN,50.82
30029572,RELE AUXILIAR  UNIV 127/220. 11 PINOS,UN,195.80
30029573,BASE UNIV P/ RELE. 11 PINOS. DIAM 35MM,UN,20.24
30029574,CANALETA CINZA PVC 50X50X2000MM. TIPO HD,UN,168.52
30029575,FIO FLEX ISOLADO CU FLEX 1MM PRETO,M,96.00
30029576,FIO FLEX ISOLADO CU FLEX 1.5MM PRETO,M,70.00
30029577,FIO FLEX ISOLADO CU FLEX 2.5MM PRETO,M,180.00
30029580,FIO FLEX ISOL CU FLEX 4MM VERDE/AMARELO,M,282.00
30029581,TERMINAL TIPO ILHOIS PINO TUB 1.5MM,UN,12.00
30029582,TERMINAL TIPO ILHOIS PINO TUB 2.5 MM,UN,37.60
30029583,TERMINAL TP ILHOIS PINO TUB 1.5MM DUPLO,UN,10.49
30029584,TERMINAL TP ILHOIS PINO TUB  2.5MM DUPLO,UN,25.59
30029585,TERMINAL TIPO ILHOIS PINO TUB 4MM,UN,6.78
30029587,TERMINAL TIPO OLHAL 2.5-5 MM(AZUL),UN,4.69
30029589,TERMINAL TIPO OLHAL 6-5 MM(AMARELO),UN,72.52
30029594,TERMINAL TIPO PINO 2.5-12 MM (AZUL),UN,13.39
30029597,BUCHA EXPANSAO S6 COM PARAFUSO 3.5X40MM,UN,24.00
30029598,BUCHA EXPANSAO S8 COM PARAFUSO 4.5X50 MM,UN,19.00
30029599,BUCHA EXPANSAO S10 COM PARAFUSO 5.5X60MM,UN,40.60
30029605,CURVA PVC 90 GRAUS ROSCAVEL 3/4 PRETO,UN,8.25
30029606,CURVA PVC 90 GRAUS ROSCAVEL 1 1/2 PRETO,UN,28.49
30029607,LUVA PVC PARA EMENDA ROSCAVEL 3/4 PRETO,UN,3.96
30029608,LUVA PVC P/ EMENDA SOLDAVEL 3/4 MM CINZA,UN,16.39
30029609,LUVA PVC P/ EMENDA ROSCAVEL 1 1/2 PRETO,UN,8.69
30029611,ABRACADEIRA METAL 1 1/2,UN,8.25
30029617,POSTE FINAL P/ BORNE PADRAO DIN SKEW35,UN,29.70
30029618,TAMPA FINAL PROTE FASE P/ BORNE PADRAO,UN,33.00
30029620,CONECTOR/BORNE MONTAGEM EM TRILHO PADRAO,UN,107.25
30029623,ABRACADEIRA INSULOK TIPO T25L - BRANCA,UN,5.50
30029624,ABRACADEIRA INSULOK TIPO T80I - BRANCA,UN,39.60
30029625,FIXADOR PVC AUTO ADESIVO DUPL FACE NA,UN,24.65
30029654,AMORTECEDOR VIBRAÇÃO PREF 8.3 A 11.72MM,PEÇ,1725.13
30029657,CONVERSOR FO - SERIAL - 2812MRX0,PEÇ,62437.89
30029736,CONECT PERF ISO 16-95 mm2 X NU 4-4/0 AWG,PEÇ,56084.70
30029949,CONJ SUSP FIBERLING OPGW 13.62 a 14.20mm,PEÇ,1002.88
30029957,CONJ ANC FIBERLING OPGW 14.04 A 14.26MM,PEÇ,1891.16
30029959,AMORTECEDOR VIBRAÇÃO OPGW 11.73a14.31 MM,PEÇ,1550.65
30029993,CPU CONCENTRADOR SECUNDARIO NG,PEÇ,15087.53
30029994,CPU CONCENTRADOR PRIMARIO,PEÇ,112370.35
30030010,CRUZETA FIB VIDRO 90X112.5MM 5000MM,PEÇ,31630.50
30030066,EMENDA AUTOMATICA 2AWG/4AWG/50MM² VERM,PEÇ,4258.35
30030067,EMENDA AUTOMATICA 1/0AWG/2/0AWG/70MM² CZ,PEÇ,1696.69
30030068,EMENDA AUTOMATICA 4/0AWG PRETA,PEÇ,2456.05
30030069,EMENDA AUTOMATICA 336.4MCM/185MM² VERDE,PEÇ,5125.68
30030076,ALCA PRE-FORMADA PARA CABO OPDC 69.9KN,UN,4099.10
30030083,CONJ SOLD MET ANC ADAP EST ARACATIBA,KG,1500.00
30030154,PRATELEIRA NORMAL 2U,UN,140.00
50001461,MODULO ISOL. ANALOG. IAN8(5150) P/OSCIL.,PEÇ,2024.72
50001462,MODULO ISOL. DIG. IDG(5103) P/ OSCILOP.,PEÇ,2371.22
50002292,BUCHA FIXAÇÃO NYLON TIPO S-8,PEÇ,3326.40
50003353,LAMPADA LED BIVOLT BASE E27 - 10W,PEÇ,115718.06